Date,Language,Num_Posts
"2008-07-01 00:00:00","c#","3"
"2008-08-01 00:00:00","assembly","8"
"2008-08-01 00:00:00","c","83"
"2008-08-01 00:00:00","c#","505"
"2008-08-01 00:00:00","c++","164"
"2008-08-01 00:00:00","delphi","14"
"2008-08-01 00:00:00","java","222"
"2008-08-01 00:00:00","javascript","163"
"2008-08-01 00:00:00","perl","28"
"2008-08-01 00:00:00","php","158"
"2008-08-01 00:00:00","python","120"
"2008-08-01 00:00:00","ruby","70"
"2008-09-01 00:00:00","assembly","28"
"2008-09-01 00:00:00","c","320"
"2008-09-01 00:00:00","c#","1640"
"2008-09-01 00:00:00","c++","755"
"2008-09-01 00:00:00","delphi","104"
"2008-09-01 00:00:00","java","1129"
"2008-09-01 00:00:00","javascript","634"
"2008-09-01 00:00:00","perl","130"
"2008-09-01 00:00:00","php","475"
"2008-09-01 00:00:00","python","538"
"2008-09-01 00:00:00","r","6"
"2008-09-01 00:00:00","ruby","286"
"2008-10-01 00:00:00","assembly","16"
"2008-10-01 00:00:00","c","303"
"2008-10-01 00:00:00","c#","1988"
"2008-10-01 00:00:00","c++","807"
"2008-10-01 00:00:00","delphi","112"
"2008-10-01 00:00:00","java","1149"
"2008-10-01 00:00:00","javascript","722"
"2008-10-01 00:00:00","perl","128"
"2008-10-01 00:00:00","php","610"
"2008-10-01 00:00:00","python","506"
"2008-10-01 00:00:00","ruby","247"
"2008-11-01 00:00:00","assembly","16"
"2008-11-01 00:00:00","c","258"
"2008-11-01 00:00:00","c#","1731"
"2008-11-01 00:00:00","c++","734"
"2008-11-01 00:00:00","delphi","141"
"2008-11-01 00:00:00","java","955"
"2008-11-01 00:00:00","javascript","580"
"2008-11-01 00:00:00","perl","97"
"2008-11-01 00:00:00","php","499"
"2008-11-01 00:00:00","python","449"
"2008-11-01 00:00:00","r","1"
"2008-11-01 00:00:00","ruby","157"
"2008-12-01 00:00:00","assembly","17"
"2008-12-01 00:00:00","c","188"
"2008-12-01 00:00:00","c#","1594"
"2008-12-01 00:00:00","c++","631"
"2008-12-01 00:00:00","delphi","134"
"2008-12-01 00:00:00","java","826"
"2008-12-01 00:00:00","javascript","625"
"2008-12-01 00:00:00","perl","133"
"2008-12-01 00:00:00","php","477"
"2008-12-01 00:00:00","python","437"
"2008-12-01 00:00:00","r","1"
"2008-12-01 00:00:00","ruby","159"
"2009-01-01 00:00:00","assembly","22"
"2009-01-01 00:00:00","c","318"
"2009-01-01 00:00:00","c#","2375"
"2009-01-01 00:00:00","c++","849"
"2009-01-01 00:00:00","delphi","164"
"2009-01-01 00:00:00","java","1148"
"2009-01-01 00:00:00","javascript","790"
"2009-01-01 00:00:00","perl","146"
"2009-01-01 00:00:00","php","630"
"2009-01-01 00:00:00","python","631"
"2009-01-01 00:00:00","r","8"
"2009-01-01 00:00:00","ruby","205"
"2009-01-01 00:00:00","swift","1"
"2009-02-01 00:00:00","assembly","36"
"2009-02-01 00:00:00","c","331"
"2009-02-01 00:00:00","c#","2599"
"2009-02-01 00:00:00","c++","842"
"2009-02-01 00:00:00","delphi","167"
"2009-02-01 00:00:00","java","1203"
"2009-02-01 00:00:00","javascript","945"
"2009-02-01 00:00:00","perl","163"
"2009-02-01 00:00:00","php","758"
"2009-02-01 00:00:00","python","630"
"2009-02-01 00:00:00","r","8"
"2009-02-01 00:00:00","ruby","286"
"2009-02-01 00:00:00","swift","1"
"2009-03-01 00:00:00","assembly","24"
"2009-03-01 00:00:00","c","430"
"2009-03-01 00:00:00","c#","3156"
"2009-03-01 00:00:00","c++","1047"
"2009-03-01 00:00:00","delphi","161"
"2009-03-01 00:00:00","java","1430"
"2009-03-01 00:00:00","javascript","1007"
"2009-03-01 00:00:00","perl","137"
"2009-03-01 00:00:00","php","895"
"2009-03-01 00:00:00","python","764"
"2009-03-01 00:00:00","r","4"
"2009-03-01 00:00:00","ruby","329"
"2009-03-01 00:00:00","swift","1"
"2009-04-01 00:00:00","assembly","50"
"2009-04-01 00:00:00","c","456"
"2009-04-01 00:00:00","c#","3303"
"2009-04-01 00:00:00","c++","1017"
"2009-04-01 00:00:00","delphi","185"
"2009-04-01 00:00:00","java","1529"
"2009-04-01 00:00:00","javascript","1047"
"2009-04-01 00:00:00","perl","161"
"2009-04-01 00:00:00","php","959"
"2009-04-01 00:00:00","python","770"
"2009-04-01 00:00:00","r","12"
"2009-04-01 00:00:00","ruby","358"
"2009-05-01 00:00:00","assembly","46"
"2009-05-01 00:00:00","c","481"
"2009-05-01 00:00:00","c#","3549"
"2009-05-01 00:00:00","c++","1214"
"2009-05-01 00:00:00","delphi","202"
"2009-05-01 00:00:00","java","1813"
"2009-05-01 00:00:00","javascript","1429"
"2009-05-01 00:00:00","perl","196"
"2009-05-01 00:00:00","php","1175"
"2009-05-01 00:00:00","python","995"
"2009-05-01 00:00:00","r","2"
"2009-05-01 00:00:00","ruby","401"
"2009-05-01 00:00:00","swift","2"
"2009-06-01 00:00:00","assembly","48"
"2009-06-01 00:00:00","c","498"
"2009-06-01 00:00:00","c#","3880"
"2009-06-01 00:00:00","c++","1250"
"2009-06-01 00:00:00","delphi","221"
"2009-06-01 00:00:00","java","2110"
"2009-06-01 00:00:00","javascript","1552"
"2009-06-01 00:00:00","perl","246"
"2009-06-01 00:00:00","php","1574"
"2009-06-01 00:00:00","python","1044"
"2009-06-01 00:00:00","r","5"
"2009-06-01 00:00:00","ruby","431"
"2009-06-01 00:00:00","swift","1"
"2009-07-01 00:00:00","assembly","32"
"2009-07-01 00:00:00","c","538"
"2009-07-01 00:00:00","c#","4402"
"2009-07-01 00:00:00","c++","1465"
"2009-07-01 00:00:00","delphi","269"
"2009-07-01 00:00:00","java","2254"
"2009-07-01 00:00:00","javascript","1753"
"2009-07-01 00:00:00","perl","256"
"2009-07-01 00:00:00","php","2021"
"2009-07-01 00:00:00","python","1157"
"2009-07-01 00:00:00","r","50"
"2009-07-01 00:00:00","ruby","499"
"2009-08-01 00:00:00","assembly","48"
"2009-08-01 00:00:00","c","529"
"2009-08-01 00:00:00","c#","4445"
"2009-08-01 00:00:00","c++","1399"
"2009-08-01 00:00:00","delphi","246"
"2009-08-01 00:00:00","java","2186"
"2009-08-01 00:00:00","javascript","1856"
"2009-08-01 00:00:00","perl","248"
"2009-08-01 00:00:00","php","2175"
"2009-08-01 00:00:00","python","1131"
"2009-08-01 00:00:00","r","47"
"2009-08-01 00:00:00","ruby","484"
"2009-08-01 00:00:00","swift","3"
"2009-09-01 00:00:00","assembly","62"
"2009-09-01 00:00:00","c","573"
"2009-09-01 00:00:00","c#","4346"
"2009-09-01 00:00:00","c++","1463"
"2009-09-01 00:00:00","delphi","251"
"2009-09-01 00:00:00","java","2259"
"2009-09-01 00:00:00","javascript","1756"
"2009-09-01 00:00:00","perl","249"
"2009-09-01 00:00:00","php","2252"
"2009-09-01 00:00:00","python","1169"
"2009-09-01 00:00:00","r","138"
"2009-09-01 00:00:00","ruby","477"
"2009-09-01 00:00:00","swift","3"
"2009-10-01 00:00:00","assembly","73"
"2009-10-01 00:00:00","c","775"
"2009-10-01 00:00:00","c#","4723"
"2009-10-01 00:00:00","c++","1685"
"2009-10-01 00:00:00","delphi","254"
"2009-10-01 00:00:00","java","2498"
"2009-10-01 00:00:00","javascript","2046"
"2009-10-01 00:00:00","perl","282"
"2009-10-01 00:00:00","php","2351"
"2009-10-01 00:00:00","python","1417"
"2009-10-01 00:00:00","r","73"
"2009-10-01 00:00:00","ruby","492"
"2009-10-01 00:00:00","swift","1"
"2009-11-01 00:00:00","assembly","82"
"2009-11-01 00:00:00","c","956"
"2009-11-01 00:00:00","c#","4675"
"2009-11-01 00:00:00","c++","1746"
"2009-11-01 00:00:00","delphi","274"
"2009-11-01 00:00:00","go","65"
"2009-11-01 00:00:00","java","2759"
"2009-11-01 00:00:00","javascript","2234"
"2009-11-01 00:00:00","perl","322"
"2009-11-01 00:00:00","php","2676"
"2009-11-01 00:00:00","python","1552"
"2009-11-01 00:00:00","r","94"
"2009-11-01 00:00:00","ruby","654"
"2009-11-01 00:00:00","swift","3"
"2009-12-01 00:00:00","assembly","62"
"2009-12-01 00:00:00","c","848"
"2009-12-01 00:00:00","c#","4482"
"2009-12-01 00:00:00","c++","1652"
"2009-12-01 00:00:00","delphi","282"
"2009-12-01 00:00:00","go","11"
"2009-12-01 00:00:00","java","2684"
"2009-12-01 00:00:00","javascript","2305"
"2009-12-01 00:00:00","perl","261"
"2009-12-01 00:00:00","php","2815"
"2009-12-01 00:00:00","python","1585"
"2009-12-01 00:00:00","r","80"
"2009-12-01 00:00:00","ruby","572"
"2009-12-01 00:00:00","swift","1"
"2010-01-01 00:00:00","assembly","100"
"2010-01-01 00:00:00","c","977"
"2010-01-01 00:00:00","c#","5111"
"2010-01-01 00:00:00","c++","1994"
"2010-01-01 00:00:00","delphi","303"
"2010-01-01 00:00:00","go","15"
"2010-01-01 00:00:00","java","3722"
"2010-01-01 00:00:00","javascript","2626"
"2010-01-01 00:00:00","perl","301"
"2010-01-01 00:00:00","php","3424"
"2010-01-01 00:00:00","python","1946"
"2010-01-01 00:00:00","r","94"
"2010-01-01 00:00:00","ruby","684"
"2010-02-01 00:00:00","assembly","69"
"2010-02-01 00:00:00","c","1033"
"2010-02-01 00:00:00","c#","5094"
"2010-02-01 00:00:00","c++","2275"
"2010-02-01 00:00:00","delphi","283"
"2010-02-01 00:00:00","go","7"
"2010-02-01 00:00:00","java","3576"
"2010-02-01 00:00:00","javascript","2638"
"2010-02-01 00:00:00","perl","347"
"2010-02-01 00:00:00","php","3154"
"2010-02-01 00:00:00","python","1861"
"2010-02-01 00:00:00","r","122"
"2010-02-01 00:00:00","ruby","688"
"2010-02-01 00:00:00","swift","2"
"2010-03-01 00:00:00","assembly","123"
"2010-03-01 00:00:00","c","1114"
"2010-03-01 00:00:00","c#","6027"
"2010-03-01 00:00:00","c++","2433"
"2010-03-01 00:00:00","delphi","317"
"2010-03-01 00:00:00","go","8"
"2010-03-01 00:00:00","java","4437"
"2010-03-01 00:00:00","javascript","2989"
"2010-03-01 00:00:00","perl","390"
"2010-03-01 00:00:00","php","3735"
"2010-03-01 00:00:00","python","2070"
"2010-03-01 00:00:00","r","139"
"2010-03-01 00:00:00","ruby","693"
"2010-03-01 00:00:00","swift","1"
"2010-04-01 00:00:00","assembly","124"
"2010-04-01 00:00:00","c","1181"
"2010-04-01 00:00:00","c#","5773"
"2010-04-01 00:00:00","c++","2488"
"2010-04-01 00:00:00","delphi","270"
"2010-04-01 00:00:00","go","10"
"2010-04-01 00:00:00","java","3876"
"2010-04-01 00:00:00","javascript","3012"
"2010-04-01 00:00:00","perl","364"
"2010-04-01 00:00:00","php","3634"
"2010-04-01 00:00:00","python","1806"
"2010-04-01 00:00:00","r","160"
"2010-04-01 00:00:00","ruby","752"
"2010-04-01 00:00:00","swift","2"
"2010-05-01 00:00:00","assembly","108"
"2010-05-01 00:00:00","c","1178"
"2010-05-01 00:00:00","c#","5926"
"2010-05-01 00:00:00","c++","2415"
"2010-05-01 00:00:00","delphi","280"
"2010-05-01 00:00:00","go","17"
"2010-05-01 00:00:00","java","4166"
"2010-05-01 00:00:00","javascript","3231"
"2010-05-01 00:00:00","perl","286"
"2010-05-01 00:00:00","php","3974"
"2010-05-01 00:00:00","python","2008"
"2010-05-01 00:00:00","r","139"
"2010-05-01 00:00:00","ruby","775"
"2010-05-01 00:00:00","swift","1"
"2010-06-01 00:00:00","assembly","90"
"2010-06-01 00:00:00","c","1153"
"2010-06-01 00:00:00","c#","6140"
"2010-06-01 00:00:00","c++","2824"
"2010-06-01 00:00:00","delphi","329"
"2010-06-01 00:00:00","go","15"
"2010-06-01 00:00:00","java","4275"
"2010-06-01 00:00:00","javascript","3477"
"2010-06-01 00:00:00","perl","409"
"2010-06-01 00:00:00","php","4073"
"2010-06-01 00:00:00","python","2201"
"2010-06-01 00:00:00","r","176"
"2010-06-01 00:00:00","ruby","850"
"2010-06-01 00:00:00","swift","3"
"2010-07-01 00:00:00","assembly","97"
"2010-07-01 00:00:00","c","1284"
"2010-07-01 00:00:00","c#","6675"
"2010-07-01 00:00:00","c++","2675"
"2010-07-01 00:00:00","delphi","334"
"2010-07-01 00:00:00","go","8"
"2010-07-01 00:00:00","java","4507"
"2010-07-01 00:00:00","javascript","3878"
"2010-07-01 00:00:00","perl","435"
"2010-07-01 00:00:00","php","4584"
"2010-07-01 00:00:00","python","2583"
"2010-07-01 00:00:00","r","233"
"2010-07-01 00:00:00","ruby","910"
"2010-07-01 00:00:00","swift","1"
"2010-08-01 00:00:00","assembly","86"
"2010-08-01 00:00:00","c","1364"
"2010-08-01 00:00:00","c#","6957"
"2010-08-01 00:00:00","c++","2628"
"2010-08-01 00:00:00","delphi","353"
"2010-08-01 00:00:00","go","13"
"2010-08-01 00:00:00","java","4699"
"2010-08-01 00:00:00","javascript","4000"
"2010-08-01 00:00:00","perl","547"
"2010-08-01 00:00:00","php","5115"
"2010-08-01 00:00:00","python","2490"
"2010-08-01 00:00:00","r","283"
"2010-08-01 00:00:00","ruby","994"
"2010-08-01 00:00:00","swift","2"
"2010-09-01 00:00:00","assembly","117"
"2010-09-01 00:00:00","c","1371"
"2010-09-01 00:00:00","c#","6408"
"2010-09-01 00:00:00","c++","2726"
"2010-09-01 00:00:00","delphi","319"
"2010-09-01 00:00:00","go","9"
"2010-09-01 00:00:00","java","4708"
"2010-09-01 00:00:00","javascript","4001"
"2010-09-01 00:00:00","perl","460"
"2010-09-01 00:00:00","php","4686"
"2010-09-01 00:00:00","python","2249"
"2010-09-01 00:00:00","r","236"
"2010-09-01 00:00:00","ruby","935"
"2010-09-01 00:00:00","swift","2"
"2010-10-01 00:00:00","assembly","123"
"2010-10-01 00:00:00","c","1439"
"2010-10-01 00:00:00","c#","6728"
"2010-10-01 00:00:00","c++","2929"
"2010-10-01 00:00:00","delphi","361"
"2010-10-01 00:00:00","go","13"
"2010-10-01 00:00:00","java","5016"
"2010-10-01 00:00:00","javascript","4106"
"2010-10-01 00:00:00","perl","498"
"2010-10-01 00:00:00","php","4496"
"2010-10-01 00:00:00","python","2671"
"2010-10-01 00:00:00","r","214"
"2010-10-01 00:00:00","ruby","925"
"2010-10-01 00:00:00","swift","1"
"2010-11-01 00:00:00","assembly","164"
"2010-11-01 00:00:00","c","1674"
"2010-11-01 00:00:00","c#","7309"
"2010-11-01 00:00:00","c++","3366"
"2010-11-01 00:00:00","delphi","390"
"2010-11-01 00:00:00","go","16"
"2010-11-01 00:00:00","java","5588"
"2010-11-01 00:00:00","javascript","4542"
"2010-11-01 00:00:00","perl","464"
"2010-11-01 00:00:00","php","5094"
"2010-11-01 00:00:00","python","2603"
"2010-11-01 00:00:00","r","241"
"2010-11-01 00:00:00","ruby","927"
"2010-11-01 00:00:00","swift","1"
"2010-12-01 00:00:00","assembly","125"
"2010-12-01 00:00:00","c","1468"
"2010-12-01 00:00:00","c#","7097"
"2010-12-01 00:00:00","c++","3129"
"2010-12-01 00:00:00","delphi","321"
"2010-12-01 00:00:00","go","18"
"2010-12-01 00:00:00","java","5668"
"2010-12-01 00:00:00","javascript","4955"
"2010-12-01 00:00:00","perl","500"
"2010-12-01 00:00:00","php","5373"
"2010-12-01 00:00:00","python","2473"
"2010-12-01 00:00:00","r","223"
"2010-12-01 00:00:00","ruby","1022"
"2010-12-01 00:00:00","swift","2"
"2011-01-01 00:00:00","assembly","133"
"2011-01-01 00:00:00","c","1458"
"2011-01-01 00:00:00","c#","7977"
"2011-01-01 00:00:00","c++","3484"
"2011-01-01 00:00:00","delphi","368"
"2011-01-01 00:00:00","go","15"
"2011-01-01 00:00:00","java","6529"
"2011-01-01 00:00:00","javascript","5416"
"2011-01-01 00:00:00","perl","477"
"2011-01-01 00:00:00","php","6399"
"2011-01-01 00:00:00","python","2897"
"2011-01-01 00:00:00","r","249"
"2011-01-01 00:00:00","ruby","1201"
"2011-01-01 00:00:00","swift","4"
"2011-02-01 00:00:00","assembly","147"
"2011-02-01 00:00:00","c","1634"
"2011-02-01 00:00:00","c#","8206"
"2011-02-01 00:00:00","c++","3435"
"2011-02-01 00:00:00","delphi","358"
"2011-02-01 00:00:00","go","16"
"2011-02-01 00:00:00","java","6854"
"2011-02-01 00:00:00","javascript","5589"
"2011-02-01 00:00:00","perl","481"
"2011-02-01 00:00:00","php","6685"
"2011-02-01 00:00:00","python","3008"
"2011-02-01 00:00:00","r","322"
"2011-02-01 00:00:00","ruby","1247"
"2011-02-01 00:00:00","swift","5"
"2011-03-01 00:00:00","assembly","192"
"2011-03-01 00:00:00","c","2108"
"2011-03-01 00:00:00","c#","9966"
"2011-03-01 00:00:00","c++","4169"
"2011-03-01 00:00:00","delphi","515"
"2011-03-01 00:00:00","go","3"
"2011-03-01 00:00:00","java","8450"
"2011-03-01 00:00:00","javascript","6757"
"2011-03-01 00:00:00","perl","604"
"2011-03-01 00:00:00","php","8069"
"2011-03-01 00:00:00","python","3741"
"2011-03-01 00:00:00","r","422"
"2011-03-01 00:00:00","ruby","1636"
"2011-03-01 00:00:00","swift","3"
"2011-04-01 00:00:00","assembly","159"
"2011-04-01 00:00:00","c","2032"
"2011-04-01 00:00:00","c#","9259"
"2011-04-01 00:00:00","c++","4159"
"2011-04-01 00:00:00","delphi","400"
"2011-04-01 00:00:00","go","7"
"2011-04-01 00:00:00","java","7882"
"2011-04-01 00:00:00","javascript","6873"
"2011-04-01 00:00:00","perl","550"
"2011-04-01 00:00:00","php","7618"
"2011-04-01 00:00:00","python","3330"
"2011-04-01 00:00:00","r","476"
"2011-04-01 00:00:00","ruby","1475"
"2011-04-01 00:00:00","swift","3"
"2011-05-01 00:00:00","assembly","158"
"2011-05-01 00:00:00","c","1821"
"2011-05-01 00:00:00","c#","9975"
"2011-05-01 00:00:00","c++","3869"
"2011-05-01 00:00:00","delphi","472"
"2011-05-01 00:00:00","go","36"
"2011-05-01 00:00:00","java","8532"
"2011-05-01 00:00:00","javascript","7296"
"2011-05-01 00:00:00","perl","581"
"2011-05-01 00:00:00","php","8061"
"2011-05-01 00:00:00","python","3510"
"2011-05-01 00:00:00","r","425"
"2011-05-01 00:00:00","ruby","1564"
"2011-05-01 00:00:00","swift","1"
"2011-06-01 00:00:00","assembly","139"
"2011-06-01 00:00:00","c","1761"
"2011-06-01 00:00:00","c#","9726"
"2011-06-01 00:00:00","c++","3800"
"2011-06-01 00:00:00","delphi","453"
"2011-06-01 00:00:00","go","34"
"2011-06-01 00:00:00","java","7869"
"2011-06-01 00:00:00","javascript","7665"
"2011-06-01 00:00:00","perl","567"
"2011-06-01 00:00:00","php","7997"
"2011-06-01 00:00:00","python","3462"
"2011-06-01 00:00:00","r","443"
"2011-06-01 00:00:00","ruby","1557"
"2011-06-01 00:00:00","swift","4"
"2011-07-01 00:00:00","assembly","141"
"2011-07-01 00:00:00","c","1655"
"2011-07-01 00:00:00","c#","9579"
"2011-07-01 00:00:00","c++","3848"
"2011-07-01 00:00:00","delphi","427"
"2011-07-01 00:00:00","go","26"
"2011-07-01 00:00:00","java","8136"
"2011-07-01 00:00:00","javascript","8091"
"2011-07-01 00:00:00","perl","658"
"2011-07-01 00:00:00","php","8643"
"2011-07-01 00:00:00","python","3651"
"2011-07-01 00:00:00","r","453"
"2011-07-01 00:00:00","ruby","1580"
"2011-07-01 00:00:00","swift","12"
"2011-08-01 00:00:00","assembly","159"
"2011-08-01 00:00:00","c","1823"
"2011-08-01 00:00:00","c#","10027"
"2011-08-01 00:00:00","c++","3951"
"2011-08-01 00:00:00","delphi","422"
"2011-08-01 00:00:00","go","40"
"2011-08-01 00:00:00","java","8655"
"2011-08-01 00:00:00","javascript","8881"
"2011-08-01 00:00:00","perl","611"
"2011-08-01 00:00:00","php","8875"
"2011-08-01 00:00:00","python","3814"
"2011-08-01 00:00:00","r","586"
"2011-08-01 00:00:00","ruby","1853"
"2011-08-01 00:00:00","swift","8"
"2011-09-01 00:00:00","assembly","155"
"2011-09-01 00:00:00","c","1913"
"2011-09-01 00:00:00","c#","9273"
"2011-09-01 00:00:00","c++","3932"
"2011-09-01 00:00:00","delphi","414"
"2011-09-01 00:00:00","go","26"
"2011-09-01 00:00:00","java","8301"
"2011-09-01 00:00:00","javascript","8163"
"2011-09-01 00:00:00","perl","500"
"2011-09-01 00:00:00","php","8024"
"2011-09-01 00:00:00","python","3507"
"2011-09-01 00:00:00","r","612"
"2011-09-01 00:00:00","ruby","1544"
"2011-09-01 00:00:00","swift","6"
"2011-10-01 00:00:00","assembly","211"
"2011-10-01 00:00:00","c","2138"
"2011-10-01 00:00:00","c#","9190"
"2011-10-01 00:00:00","c++","4336"
"2011-10-01 00:00:00","delphi","464"
"2011-10-01 00:00:00","go","40"
"2011-10-01 00:00:00","java","8536"
"2011-10-01 00:00:00","javascript","8001"
"2011-10-01 00:00:00","perl","555"
"2011-10-01 00:00:00","php","8022"
"2011-10-01 00:00:00","python","3610"
"2011-10-01 00:00:00","r","620"
"2011-10-01 00:00:00","ruby","1604"
"2011-10-01 00:00:00","swift","6"
"2011-11-01 00:00:00","assembly","211"
"2011-11-01 00:00:00","c","2194"
"2011-11-01 00:00:00","c#","9870"
"2011-11-01 00:00:00","c++","4469"
"2011-11-01 00:00:00","delphi","507"
"2011-11-01 00:00:00","go","65"
"2011-11-01 00:00:00","java","9603"
"2011-11-01 00:00:00","javascript","8647"
"2011-11-01 00:00:00","perl","604"
"2011-11-01 00:00:00","php","8642"
"2011-11-01 00:00:00","python","3869"
"2011-11-01 00:00:00","r","605"
"2011-11-01 00:00:00","ruby","1736"
"2011-11-01 00:00:00","swift","4"
"2011-12-01 00:00:00","assembly","228"
"2011-12-01 00:00:00","c","2003"
"2011-12-01 00:00:00","c#","9290"
"2011-12-01 00:00:00","c++","4347"
"2011-12-01 00:00:00","delphi","571"
"2011-12-01 00:00:00","go","52"
"2011-12-01 00:00:00","java","9159"
"2011-12-01 00:00:00","javascript","8306"
"2011-12-01 00:00:00","perl","538"
"2011-12-01 00:00:00","php","8294"
"2011-12-01 00:00:00","python","3614"
"2011-12-01 00:00:00","r","614"
"2011-12-01 00:00:00","ruby","1677"
"2011-12-01 00:00:00","swift","2"
"2012-01-01 00:00:00","assembly","169"
"2012-01-01 00:00:00","c","2227"
"2012-01-01 00:00:00","c#","10374"
"2012-01-01 00:00:00","c++","4533"
"2012-01-01 00:00:00","delphi","510"
"2012-01-01 00:00:00","go","37"
"2012-01-01 00:00:00","java","10090"
"2012-01-01 00:00:00","javascript","9564"
"2012-01-01 00:00:00","perl","561"
"2012-01-01 00:00:00","php","9252"
"2012-01-01 00:00:00","python","4193"
"2012-01-01 00:00:00","r","690"
"2012-01-01 00:00:00","ruby","1894"
"2012-01-01 00:00:00","swift","6"
"2012-02-01 00:00:00","assembly","230"
"2012-02-01 00:00:00","c","2402"
"2012-02-01 00:00:00","c#","10710"
"2012-02-01 00:00:00","c++","5089"
"2012-02-01 00:00:00","delphi","472"
"2012-02-01 00:00:00","go","31"
"2012-02-01 00:00:00","java","10903"
"2012-02-01 00:00:00","javascript","9942"
"2012-02-01 00:00:00","perl","613"
"2012-02-01 00:00:00","php","9857"
"2012-02-01 00:00:00","python","4485"
"2012-02-01 00:00:00","r","811"
"2012-02-01 00:00:00","ruby","2039"
"2012-02-01 00:00:00","swift","9"
"2012-03-01 00:00:00","assembly","260"
"2012-03-01 00:00:00","c","2718"
"2012-03-01 00:00:00","c#","11532"
"2012-03-01 00:00:00","c++","5208"
"2012-03-01 00:00:00","delphi","495"
"2012-03-01 00:00:00","go","47"
"2012-03-01 00:00:00","java","12315"
"2012-03-01 00:00:00","javascript","10641"
"2012-03-01 00:00:00","perl","607"
"2012-03-01 00:00:00","php","10796"
"2012-03-01 00:00:00","python","5020"
"2012-03-01 00:00:00","r","888"
"2012-03-01 00:00:00","ruby","2178"
"2012-03-01 00:00:00","swift","4"
"2012-04-01 00:00:00","assembly","276"
"2012-04-01 00:00:00","c","2662"
"2012-04-01 00:00:00","c#","11064"
"2012-04-01 00:00:00","c++","5280"
"2012-04-01 00:00:00","delphi","482"
"2012-04-01 00:00:00","go","69"
"2012-04-01 00:00:00","java","11963"
"2012-04-01 00:00:00","javascript","10620"
"2012-04-01 00:00:00","perl","598"
"2012-04-01 00:00:00","php","10325"
"2012-04-01 00:00:00","python","4904"
"2012-04-01 00:00:00","r","838"
"2012-04-01 00:00:00","ruby","1961"
"2012-04-01 00:00:00","swift","5"
"2012-05-01 00:00:00","assembly","227"
"2012-05-01 00:00:00","c","2474"
"2012-05-01 00:00:00","c#","11503"
"2012-05-01 00:00:00","c++","4966"
"2012-05-01 00:00:00","delphi","478"
"2012-05-01 00:00:00","go","69"
"2012-05-01 00:00:00","java","12120"
"2012-05-01 00:00:00","javascript","11470"
"2012-05-01 00:00:00","perl","642"
"2012-05-01 00:00:00","php","10847"
"2012-05-01 00:00:00","python","5068"
"2012-05-01 00:00:00","r","874"
"2012-05-01 00:00:00","ruby","1967"
"2012-05-01 00:00:00","swift","6"
"2012-06-01 00:00:00","assembly","200"
"2012-06-01 00:00:00","c","2304"
"2012-06-01 00:00:00","c#","11289"
"2012-06-01 00:00:00","c++","4632"
"2012-06-01 00:00:00","delphi","417"
"2012-06-01 00:00:00","go","72"
"2012-06-01 00:00:00","java","11073"
"2012-06-01 00:00:00","javascript","11199"
"2012-06-01 00:00:00","perl","739"
"2012-06-01 00:00:00","php","10502"
"2012-06-01 00:00:00","python","5260"
"2012-06-01 00:00:00","r","973"
"2012-06-01 00:00:00","ruby","1885"
"2012-06-01 00:00:00","swift","4"
"2012-07-01 00:00:00","assembly","201"
"2012-07-01 00:00:00","c","2365"
"2012-07-01 00:00:00","c#","12297"
"2012-07-01 00:00:00","c++","5261"
"2012-07-01 00:00:00","delphi","439"
"2012-07-01 00:00:00","go","76"
"2012-07-01 00:00:00","java","12228"
"2012-07-01 00:00:00","javascript","12300"
"2012-07-01 00:00:00","perl","666"
"2012-07-01 00:00:00","php","11683"
"2012-07-01 00:00:00","python","5717"
"2012-07-01 00:00:00","r","1117"
"2012-07-01 00:00:00","ruby","2058"
"2012-07-01 00:00:00","swift","9"
"2012-08-01 00:00:00","assembly","189"
"2012-08-01 00:00:00","c","2313"
"2012-08-01 00:00:00","c#","11931"
"2012-08-01 00:00:00","c++","5158"
"2012-08-01 00:00:00","delphi","403"
"2012-08-01 00:00:00","go","72"
"2012-08-01 00:00:00","java","12233"
"2012-08-01 00:00:00","javascript","12420"
"2012-08-01 00:00:00","perl","762"
"2012-08-01 00:00:00","php","11851"
"2012-08-01 00:00:00","python","5858"
"2012-08-01 00:00:00","r","1088"
"2012-08-01 00:00:00","ruby","2057"
"2012-08-01 00:00:00","swift","5"
"2012-09-01 00:00:00","assembly","222"
"2012-09-01 00:00:00","c","2527"
"2012-09-01 00:00:00","c#","11256"
"2012-09-01 00:00:00","c++","4901"
"2012-09-01 00:00:00","delphi","385"
"2012-09-01 00:00:00","go","129"
"2012-09-01 00:00:00","java","11601"
"2012-09-01 00:00:00","javascript","11156"
"2012-09-01 00:00:00","perl","662"
"2012-09-01 00:00:00","php","10937"
"2012-09-01 00:00:00","python","5248"
"2012-09-01 00:00:00","r","1057"
"2012-09-01 00:00:00","ruby","1953"
"2012-09-01 00:00:00","swift","7"
"2012-10-01 00:00:00","assembly","314"
"2012-10-01 00:00:00","c","3151"
"2012-10-01 00:00:00","c#","12704"
"2012-10-01 00:00:00","c++","5898"
"2012-10-01 00:00:00","delphi","478"
"2012-10-01 00:00:00","go","101"
"2012-10-01 00:00:00","java","13459"
"2012-10-01 00:00:00","javascript","12401"
"2012-10-01 00:00:00","perl","682"
"2012-10-01 00:00:00","php","11706"
"2012-10-01 00:00:00","python","6123"
"2012-10-01 00:00:00","r","1267"
"2012-10-01 00:00:00","ruby","2255"
"2012-10-01 00:00:00","swift","4"
"2012-11-01 00:00:00","assembly","303"
"2012-11-01 00:00:00","c","3185"
"2012-11-01 00:00:00","c#","12225"
"2012-11-01 00:00:00","c++","6263"
"2012-11-01 00:00:00","delphi","442"
"2012-11-01 00:00:00","go","104"
"2012-11-01 00:00:00","java","13578"
"2012-11-01 00:00:00","javascript","12318"
"2012-11-01 00:00:00","perl","637"
"2012-11-01 00:00:00","php","11707"
"2012-11-01 00:00:00","python","6388"
"2012-11-01 00:00:00","r","1345"
"2012-11-01 00:00:00","ruby","2128"
"2012-11-01 00:00:00","swift","4"
"2012-12-01 00:00:00","assembly","264"
"2012-12-01 00:00:00","c","2560"
"2012-12-01 00:00:00","c#","10944"
"2012-12-01 00:00:00","c++","5679"
"2012-12-01 00:00:00","delphi","428"
"2012-12-01 00:00:00","go","112"
"2012-12-01 00:00:00","java","12400"
"2012-12-01 00:00:00","javascript","11728"
"2012-12-01 00:00:00","perl","551"
"2012-12-01 00:00:00","php","10991"
"2012-12-01 00:00:00","python","5740"
"2012-12-01 00:00:00","r","1213"
"2012-12-01 00:00:00","ruby","1902"
"2012-12-01 00:00:00","swift","4"
"2013-01-01 00:00:00","assembly","295"
"2013-01-01 00:00:00","c","2904"
"2013-01-01 00:00:00","c#","12746"
"2013-01-01 00:00:00","c++","6034"
"2013-01-01 00:00:00","delphi","480"
"2013-01-01 00:00:00","go","101"
"2013-01-01 00:00:00","java","13690"
"2013-01-01 00:00:00","javascript","13769"
"2013-01-01 00:00:00","perl","660"
"2013-01-01 00:00:00","php","12810"
"2013-01-01 00:00:00","python","6562"
"2013-01-01 00:00:00","r","1507"
"2013-01-01 00:00:00","ruby","2305"
"2013-01-01 00:00:00","swift","5"
"2013-02-01 00:00:00","assembly","324"
"2013-02-01 00:00:00","c","3090"
"2013-02-01 00:00:00","c#","12472"
"2013-02-01 00:00:00","c++","6058"
"2013-02-01 00:00:00","delphi","447"
"2013-02-01 00:00:00","go","117"
"2013-02-01 00:00:00","java","13671"
"2013-02-01 00:00:00","javascript","13611"
"2013-02-01 00:00:00","perl","746"
"2013-02-01 00:00:00","php","12484"
"2013-02-01 00:00:00","python","6728"
"2013-02-01 00:00:00","r","1656"
"2013-02-01 00:00:00","ruby","2213"
"2013-02-01 00:00:00","swift","6"
"2013-03-01 00:00:00","assembly","367"
"2013-03-01 00:00:00","c","3437"
"2013-03-01 00:00:00","c#","14222"
"2013-03-01 00:00:00","c++","7174"
"2013-03-01 00:00:00","delphi","523"
"2013-03-01 00:00:00","go","127"
"2013-03-01 00:00:00","java","15876"
"2013-03-01 00:00:00","javascript","15262"
"2013-03-01 00:00:00","perl","851"
"2013-03-01 00:00:00","php","14039"
"2013-03-01 00:00:00","python","7609"
"2013-03-01 00:00:00","r","1848"
"2013-03-01 00:00:00","ruby","2558"
"2013-03-01 00:00:00","swift","5"
"2013-04-01 00:00:00","assembly","331"
"2013-04-01 00:00:00","c","3524"
"2013-04-01 00:00:00","c#","13862"
"2013-04-01 00:00:00","c++","7108"
"2013-04-01 00:00:00","delphi","509"
"2013-04-01 00:00:00","go","125"
"2013-04-01 00:00:00","java","16185"
"2013-04-01 00:00:00","javascript","15289"
"2013-04-01 00:00:00","perl","837"
"2013-04-01 00:00:00","php","13331"
"2013-04-01 00:00:00","python","7915"
"2013-04-01 00:00:00","r","1835"
"2013-04-01 00:00:00","ruby","2459"
"2013-04-01 00:00:00","swift","6"
"2013-05-01 00:00:00","assembly","301"
"2013-05-01 00:00:00","c","3188"
"2013-05-01 00:00:00","c#","13433"
"2013-05-01 00:00:00","c++","6817"
"2013-05-01 00:00:00","delphi","534"
"2013-05-01 00:00:00","go","142"
"2013-05-01 00:00:00","java","15232"
"2013-05-01 00:00:00","javascript","15019"
"2013-05-01 00:00:00","perl","902"
"2013-05-01 00:00:00","php","13016"
"2013-05-01 00:00:00","python","7791"
"2013-05-01 00:00:00","r","1778"
"2013-05-01 00:00:00","ruby","2337"
"2013-05-01 00:00:00","swift","2"
"2013-06-01 00:00:00","assembly","293"
"2013-06-01 00:00:00","c","2931"
"2013-06-01 00:00:00","c#","12754"
"2013-06-01 00:00:00","c++","6181"
"2013-06-01 00:00:00","delphi","474"
"2013-06-01 00:00:00","go","175"
"2013-06-01 00:00:00","java","13885"
"2013-06-01 00:00:00","javascript","14570"
"2013-06-01 00:00:00","perl","828"
"2013-06-01 00:00:00","php","12645"
"2013-06-01 00:00:00","python","7586"
"2013-06-01 00:00:00","r","1774"
"2013-06-01 00:00:00","ruby","2220"
"2013-06-01 00:00:00","swift","4"
"2013-07-01 00:00:00","assembly","297"
"2013-07-01 00:00:00","c","3006"
"2013-07-01 00:00:00","c#","14137"
"2013-07-01 00:00:00","c++","6570"
"2013-07-01 00:00:00","delphi","506"
"2013-07-01 00:00:00","go","200"
"2013-07-01 00:00:00","java","15139"
"2013-07-01 00:00:00","javascript","16770"
"2013-07-01 00:00:00","perl","952"
"2013-07-01 00:00:00","php","14228"
"2013-07-01 00:00:00","python","8596"
"2013-07-01 00:00:00","r","1963"
"2013-07-01 00:00:00","ruby","2437"
"2013-07-01 00:00:00","swift","7"
"2013-08-01 00:00:00","assembly","211"
"2013-08-01 00:00:00","c","3003"
"2013-08-01 00:00:00","c#","13815"
"2013-08-01 00:00:00","c++","6239"
"2013-08-01 00:00:00","delphi","449"
"2013-08-01 00:00:00","go","207"
"2013-08-01 00:00:00","java","15011"
"2013-08-01 00:00:00","javascript","16797"
"2013-08-01 00:00:00","perl","834"
"2013-08-01 00:00:00","php","14219"
"2013-08-01 00:00:00","python","7934"
"2013-08-01 00:00:00","r","1915"
"2013-08-01 00:00:00","ruby","2477"
"2013-08-01 00:00:00","swift","4"
"2013-09-01 00:00:00","assembly","290"
"2013-09-01 00:00:00","c","3383"
"2013-09-01 00:00:00","c#","13726"
"2013-09-01 00:00:00","c++","6535"
"2013-09-01 00:00:00","delphi","487"
"2013-09-01 00:00:00","go","237"
"2013-09-01 00:00:00","java","16212"
"2013-09-01 00:00:00","javascript","17646"
"2013-09-01 00:00:00","perl","684"
"2013-09-01 00:00:00","php","14170"
"2013-09-01 00:00:00","python","7946"
"2013-09-01 00:00:00","r","1709"
"2013-09-01 00:00:00","ruby","2386"
"2013-09-01 00:00:00","swift","9"
"2013-10-01 00:00:00","assembly","377"
"2013-10-01 00:00:00","c","4230"
"2013-10-01 00:00:00","c#","15157"
"2013-10-01 00:00:00","c++","7952"
"2013-10-01 00:00:00","delphi","520"
"2013-10-01 00:00:00","go","211"
"2013-10-01 00:00:00","java","18656"
"2013-10-01 00:00:00","javascript","19661"
"2013-10-01 00:00:00","perl","814"
"2013-10-01 00:00:00","php","15238"
"2013-10-01 00:00:00","python","9466"
"2013-10-01 00:00:00","r","2086"
"2013-10-01 00:00:00","ruby","2787"
"2013-10-01 00:00:00","swift","10"
"2013-11-01 00:00:00","assembly","417"
"2013-11-01 00:00:00","c","4276"
"2013-11-01 00:00:00","c#","14542"
"2013-11-01 00:00:00","c++","8103"
"2013-11-01 00:00:00","delphi","460"
"2013-11-01 00:00:00","go","209"
"2013-11-01 00:00:00","java","18687"
"2013-11-01 00:00:00","javascript","18425"
"2013-11-01 00:00:00","perl","820"
"2013-11-01 00:00:00","php","14787"
"2013-11-01 00:00:00","python","9469"
"2013-11-01 00:00:00","r","2185"
"2013-11-01 00:00:00","ruby","2573"
"2013-11-01 00:00:00","swift","5"
"2013-12-01 00:00:00","assembly","358"
"2013-12-01 00:00:00","c","3494"
"2013-12-01 00:00:00","c#","13587"
"2013-12-01 00:00:00","c++","6988"
"2013-12-01 00:00:00","delphi","448"
"2013-12-01 00:00:00","go","240"
"2013-12-01 00:00:00","java","17402"
"2013-12-01 00:00:00","javascript","17961"
"2013-12-01 00:00:00","perl","764"
"2013-12-01 00:00:00","php","14350"
"2013-12-01 00:00:00","python","8437"
"2013-12-01 00:00:00","r","1905"
"2013-12-01 00:00:00","ruby","2441"
"2013-12-01 00:00:00","swift","11"
"2014-01-01 00:00:00","assembly","340"
"2014-01-01 00:00:00","c","3725"
"2014-01-01 00:00:00","c#","15298"
"2014-01-01 00:00:00","c++","7675"
"2014-01-01 00:00:00","delphi","490"
"2014-01-01 00:00:00","go","300"
"2014-01-01 00:00:00","java","18614"
"2014-01-01 00:00:00","javascript","21067"
"2014-01-01 00:00:00","perl","809"
"2014-01-01 00:00:00","php","16703"
"2014-01-01 00:00:00","python","9818"
"2014-01-01 00:00:00","r","2345"
"2014-01-01 00:00:00","ruby","2756"
"2014-01-01 00:00:00","swift","6"
"2014-02-01 00:00:00","assembly","372"
"2014-02-01 00:00:00","c","3966"
"2014-02-01 00:00:00","c#","15078"
"2014-02-01 00:00:00","c++","7653"
"2014-02-01 00:00:00","delphi","489"
"2014-02-01 00:00:00","go","204"
"2014-02-01 00:00:00","java","19179"
"2014-02-01 00:00:00","javascript","21085"
"2014-02-01 00:00:00","perl","790"
"2014-02-01 00:00:00","php","16431"
"2014-02-01 00:00:00","python","9877"
"2014-02-01 00:00:00","r","2617"
"2014-02-01 00:00:00","ruby","2596"
"2014-02-01 00:00:00","swift","12"
"2014-03-01 00:00:00","assembly","451"
"2014-03-01 00:00:00","c","4548"
"2014-03-01 00:00:00","c#","16118"
"2014-03-01 00:00:00","c++","8651"
"2014-03-01 00:00:00","delphi","441"
"2014-03-01 00:00:00","go","255"
"2014-03-01 00:00:00","java","21890"
"2014-03-01 00:00:00","javascript","22567"
"2014-03-01 00:00:00","perl","907"
"2014-03-01 00:00:00","php","18212"
"2014-03-01 00:00:00","python","11398"
"2014-03-01 00:00:00","r","2798"
"2014-03-01 00:00:00","ruby","2945"
"2014-03-01 00:00:00","swift","5"
"2014-04-01 00:00:00","assembly","363"
"2014-04-01 00:00:00","c","3998"
"2014-04-01 00:00:00","c#","15249"
"2014-04-01 00:00:00","c++","8105"
"2014-04-01 00:00:00","delphi","390"
"2014-04-01 00:00:00","go","341"
"2014-04-01 00:00:00","java","20767"
"2014-04-01 00:00:00","javascript","21332"
"2014-04-01 00:00:00","perl","820"
"2014-04-01 00:00:00","php","17536"
"2014-04-01 00:00:00","python","10723"
"2014-04-01 00:00:00","r","2729"
"2014-04-01 00:00:00","ruby","2741"
"2014-04-01 00:00:00","swift","5"
"2014-05-01 00:00:00","assembly","329"
"2014-05-01 00:00:00","c","3250"
"2014-05-01 00:00:00","c#","13836"
"2014-05-01 00:00:00","c++","6764"
"2014-05-01 00:00:00","delphi","468"
"2014-05-01 00:00:00","go","279"
"2014-05-01 00:00:00","java","17873"
"2014-05-01 00:00:00","javascript","19683"
"2014-05-01 00:00:00","perl","794"
"2014-05-01 00:00:00","php","14640"
"2014-05-01 00:00:00","python","9214"
"2014-05-01 00:00:00","r","2577"
"2014-05-01 00:00:00","ruby","2671"
"2014-05-01 00:00:00","swift","9"
"2014-06-01 00:00:00","assembly","267"
"2014-06-01 00:00:00","c","2762"
"2014-06-01 00:00:00","c#","12433"
"2014-06-01 00:00:00","c++","5644"
"2014-06-01 00:00:00","delphi","413"
"2014-06-01 00:00:00","go","288"
"2014-06-01 00:00:00","java","15840"
"2014-06-01 00:00:00","javascript","18210"
"2014-06-01 00:00:00","perl","675"
"2014-06-01 00:00:00","php","12904"
"2014-06-01 00:00:00","python","8888"
"2014-06-01 00:00:00","r","2396"
"2014-06-01 00:00:00","ruby","2329"
"2014-06-01 00:00:00","swift","2388"
"2014-07-01 00:00:00","assembly","215"
"2014-07-01 00:00:00","c","2821"
"2014-07-01 00:00:00","c#","13634"
"2014-07-01 00:00:00","c++","6255"
"2014-07-01 00:00:00","delphi","444"
"2014-07-01 00:00:00","go","450"
"2014-07-01 00:00:00","java","17302"
"2014-07-01 00:00:00","javascript","20044"
"2014-07-01 00:00:00","perl","732"
"2014-07-01 00:00:00","php","14187"
"2014-07-01 00:00:00","python","9897"
"2014-07-01 00:00:00","r","2631"
"2014-07-01 00:00:00","ruby","2551"
"2014-07-01 00:00:00","swift","1633"
"2014-08-01 00:00:00","assembly","183"
"2014-08-01 00:00:00","c","2669"
"2014-08-01 00:00:00","c#","12451"
"2014-08-01 00:00:00","c++","5863"
"2014-08-01 00:00:00","delphi","423"
"2014-08-01 00:00:00","go","405"
"2014-08-01 00:00:00","java","15682"
"2014-08-01 00:00:00","javascript","18376"
"2014-08-01 00:00:00","perl","683"
"2014-08-01 00:00:00","php","13118"
"2014-08-01 00:00:00","python","9099"
"2014-08-01 00:00:00","r","2468"
"2014-08-01 00:00:00","ruby","2458"
"2014-08-01 00:00:00","swift","1690"
"2014-09-01 00:00:00","assembly","280"
"2014-09-01 00:00:00","c","3224"
"2014-09-01 00:00:00","c#","12292"
"2014-09-01 00:00:00","c++","6166"
"2014-09-01 00:00:00","delphi","445"
"2014-09-01 00:00:00","go","392"
"2014-09-01 00:00:00","java","16629"
"2014-09-01 00:00:00","javascript","18051"
"2014-09-01 00:00:00","perl","679"
"2014-09-01 00:00:00","php","13283"
"2014-09-01 00:00:00","python","8758"
"2014-09-01 00:00:00","r","2357"
"2014-09-01 00:00:00","ruby","2266"
"2014-09-01 00:00:00","swift","1895"
"2014-10-01 00:00:00","assembly","392"
"2014-10-01 00:00:00","c","3795"
"2014-10-01 00:00:00","c#","12521"
"2014-10-01 00:00:00","c++","6818"
"2014-10-01 00:00:00","delphi","410"
"2014-10-01 00:00:00","go","380"
"2014-10-01 00:00:00","java","17832"
"2014-10-01 00:00:00","javascript","18845"
"2014-10-01 00:00:00","perl","638"
"2014-10-01 00:00:00","php","13515"
"2014-10-01 00:00:00","python","9560"
"2014-10-01 00:00:00","r","2765"
"2014-10-01 00:00:00","ruby","2339"
"2014-10-01 00:00:00","swift","2460"
"2014-11-01 00:00:00","assembly","386"
"2014-11-01 00:00:00","c","3655"
"2014-11-01 00:00:00","c#","11838"
"2014-11-01 00:00:00","c++","6539"
"2014-11-01 00:00:00","delphi","425"
"2014-11-01 00:00:00","go","336"
"2014-11-01 00:00:00","java","17780"
"2014-11-01 00:00:00","javascript","17917"
"2014-11-01 00:00:00","perl","656"
"2014-11-01 00:00:00","php","12954"
"2014-11-01 00:00:00","python","9557"
"2014-11-01 00:00:00","r","2700"
"2014-11-01 00:00:00","ruby","2107"
"2014-11-01 00:00:00","swift","2553"
"2014-12-01 00:00:00","assembly","328"
"2014-12-01 00:00:00","c","3149"
"2014-12-01 00:00:00","c#","11055"
"2014-12-01 00:00:00","c++","6068"
"2014-12-01 00:00:00","delphi","313"
"2014-12-01 00:00:00","go","349"
"2014-12-01 00:00:00","java","16317"
"2014-12-01 00:00:00","javascript","16925"
"2014-12-01 00:00:00","perl","565"
"2014-12-01 00:00:00","php","12279"
"2014-12-01 00:00:00","python","9024"
"2014-12-01 00:00:00","r","2356"
"2014-12-01 00:00:00","ruby","2143"
"2014-12-01 00:00:00","swift","2481"
"2015-01-01 00:00:00","assembly","333"
"2015-01-01 00:00:00","c","3205"
"2015-01-01 00:00:00","c#","11716"
"2015-01-01 00:00:00","c++","6122"
"2015-01-01 00:00:00","delphi","379"
"2015-01-01 00:00:00","go","468"
"2015-01-01 00:00:00","java","16506"
"2015-01-01 00:00:00","javascript","18484"
"2015-01-01 00:00:00","perl","589"
"2015-01-01 00:00:00","php","13549"
"2015-01-01 00:00:00","python","9666"
"2015-01-01 00:00:00","r","2681"
"2015-01-01 00:00:00","ruby","2421"
"2015-01-01 00:00:00","swift","3045"
"2015-02-01 00:00:00","assembly","356"
"2015-02-01 00:00:00","c","3361"
"2015-02-01 00:00:00","c#","11770"
"2015-02-01 00:00:00","c++","6464"
"2015-02-01 00:00:00","delphi","414"
"2015-02-01 00:00:00","go","382"
"2015-02-01 00:00:00","java","16712"
"2015-02-01 00:00:00","javascript","18610"
"2015-02-01 00:00:00","perl","564"
"2015-02-01 00:00:00","php","13459"
"2015-02-01 00:00:00","python","10186"
"2015-02-01 00:00:00","r","2964"
"2015-02-01 00:00:00","ruby","2257"
"2015-02-01 00:00:00","swift","3231"
"2015-03-01 00:00:00","assembly","384"
"2015-03-01 00:00:00","c","3914"
"2015-03-01 00:00:00","c#","13245"
"2015-03-01 00:00:00","c++","7379"
"2015-03-01 00:00:00","delphi","409"
"2015-03-01 00:00:00","go","468"
"2015-03-01 00:00:00","java","19710"
"2015-03-01 00:00:00","javascript","20477"
"2015-03-01 00:00:00","perl","638"
"2015-03-01 00:00:00","php","14845"
"2015-03-01 00:00:00","python","11580"
"2015-03-01 00:00:00","r","3558"
"2015-03-01 00:00:00","ruby","2457"
"2015-03-01 00:00:00","swift","3587"
"2015-04-01 00:00:00","assembly","439"
"2015-04-01 00:00:00","c","3947"
"2015-04-01 00:00:00","c#","13070"
"2015-04-01 00:00:00","c++","7139"
"2015-04-01 00:00:00","delphi","388"
"2015-04-01 00:00:00","go","388"
"2015-04-01 00:00:00","java","19765"
"2015-04-01 00:00:00","javascript","20882"
"2015-04-01 00:00:00","perl","575"
"2015-04-01 00:00:00","php","14918"
"2015-04-01 00:00:00","python","11428"
"2015-04-01 00:00:00","r","3324"
"2015-04-01 00:00:00","ruby","2500"
"2015-04-01 00:00:00","swift","4010"
"2015-05-01 00:00:00","assembly","368"
"2015-05-01 00:00:00","c","3519"
"2015-05-01 00:00:00","c#","13349"
"2015-05-01 00:00:00","c++","6810"
"2015-05-01 00:00:00","delphi","399"
"2015-05-01 00:00:00","go","396"
"2015-05-01 00:00:00","java","18515"
"2015-05-01 00:00:00","javascript","22125"
"2015-05-01 00:00:00","perl","527"
"2015-05-01 00:00:00","php","14545"
"2015-05-01 00:00:00","python","11205"
"2015-05-01 00:00:00","r","3420"
"2015-05-01 00:00:00","ruby","2503"
"2015-05-01 00:00:00","swift","3792"
"2015-06-01 00:00:00","assembly","267"
"2015-06-01 00:00:00","c","3165"
"2015-06-01 00:00:00","c#","13529"
"2015-06-01 00:00:00","c++","6517"
"2015-06-01 00:00:00","delphi","388"
"2015-06-01 00:00:00","go","421"
"2015-06-01 00:00:00","java","17841"
"2015-06-01 00:00:00","javascript","22607"
"2015-06-01 00:00:00","perl","570"
"2015-06-01 00:00:00","php","14334"
"2015-06-01 00:00:00","python","11802"
"2015-06-01 00:00:00","r","3430"
"2015-06-01 00:00:00","ruby","2577"
"2015-06-01 00:00:00","swift","4321"
"2015-07-01 00:00:00","assembly","259"
"2015-07-01 00:00:00","c","2813"
"2015-07-01 00:00:00","c#","14106"
"2015-07-01 00:00:00","c++","6700"
"2015-07-01 00:00:00","delphi","385"
"2015-07-01 00:00:00","go","466"
"2015-07-01 00:00:00","java","18678"
"2015-07-01 00:00:00","javascript","23956"
"2015-07-01 00:00:00","perl","578"
"2015-07-01 00:00:00","php","15342"
"2015-07-01 00:00:00","python","12311"
"2015-07-01 00:00:00","r","3981"
"2015-07-01 00:00:00","ruby","2584"
"2015-07-01 00:00:00","swift","5144"
"2015-08-01 00:00:00","assembly","219"
"2015-08-01 00:00:00","c","2570"
"2015-08-01 00:00:00","c#","13223"
"2015-08-01 00:00:00","c++","5869"
"2015-08-01 00:00:00","delphi","387"
"2015-08-01 00:00:00","go","448"
"2015-08-01 00:00:00","java","17081"
"2015-08-01 00:00:00","javascript","22151"
"2015-08-01 00:00:00","perl","552"
"2015-08-01 00:00:00","php","14215"
"2015-08-01 00:00:00","python","11220"
"2015-08-01 00:00:00","r","3493"
"2015-08-01 00:00:00","ruby","2313"
"2015-08-01 00:00:00","swift","5083"
"2015-09-01 00:00:00","assembly","257"
"2015-09-01 00:00:00","c","3082"
"2015-09-01 00:00:00","c#","12913"
"2015-09-01 00:00:00","c++","5909"
"2015-09-01 00:00:00","delphi","358"
"2015-09-01 00:00:00","go","421"
"2015-09-01 00:00:00","java","16933"
"2015-09-01 00:00:00","javascript","21392"
"2015-09-01 00:00:00","perl","465"
"2015-09-01 00:00:00","php","13480"
"2015-09-01 00:00:00","python","10962"
"2015-09-01 00:00:00","r","3329"
"2015-09-01 00:00:00","ruby","2157"
"2015-09-01 00:00:00","swift","4547"
"2015-10-01 00:00:00","assembly","430"
"2015-10-01 00:00:00","c","3677"
"2015-10-01 00:00:00","c#","12790"
"2015-10-01 00:00:00","c++","7048"
"2015-10-01 00:00:00","delphi","421"
"2015-10-01 00:00:00","go","427"
"2015-10-01 00:00:00","java","18536"
"2015-10-01 00:00:00","javascript","21811"
"2015-10-01 00:00:00","perl","497"
"2015-10-01 00:00:00","php","13879"
"2015-10-01 00:00:00","python","12474"
"2015-10-01 00:00:00","r","3679"
"2015-10-01 00:00:00","ruby","2192"
"2015-10-01 00:00:00","swift","4292"
"2015-11-01 00:00:00","assembly","403"
"2015-11-01 00:00:00","c","3610"
"2015-11-01 00:00:00","c#","12372"
"2015-11-01 00:00:00","c++","7081"
"2015-11-01 00:00:00","delphi","389"
"2015-11-01 00:00:00","go","433"
"2015-11-01 00:00:00","java","17762"
"2015-11-01 00:00:00","javascript","21257"
"2015-11-01 00:00:00","perl","463"
"2015-11-01 00:00:00","php","13289"
"2015-11-01 00:00:00","python","12286"
"2015-11-01 00:00:00","r","3538"
"2015-11-01 00:00:00","ruby","1956"
"2015-11-01 00:00:00","swift","4318"
"2015-12-01 00:00:00","assembly","352"
"2015-12-01 00:00:00","c","3085"
"2015-12-01 00:00:00","c#","12131"
"2015-12-01 00:00:00","c++","6557"
"2015-12-01 00:00:00","delphi","314"
"2015-12-01 00:00:00","go","419"
"2015-12-01 00:00:00","java","16537"
"2015-12-01 00:00:00","javascript","21069"
"2015-12-01 00:00:00","perl","477"
"2015-12-01 00:00:00","php","13697"
"2015-12-01 00:00:00","python","11647"
"2015-12-01 00:00:00","r","3179"
"2015-12-01 00:00:00","ruby","2028"
"2015-12-01 00:00:00","swift","4370"
"2016-01-01 00:00:00","assembly","247"
"2016-01-01 00:00:00","c","3043"
"2016-01-01 00:00:00","c#","12353"
"2016-01-01 00:00:00","c++","6094"
"2016-01-01 00:00:00","delphi","318"
"2016-01-01 00:00:00","go","494"
"2016-01-01 00:00:00","java","16611"
"2016-01-01 00:00:00","javascript","22497"
"2016-01-01 00:00:00","perl","445"
"2016-01-01 00:00:00","php","14540"
"2016-01-01 00:00:00","python","12346"
"2016-01-01 00:00:00","r","3536"
"2016-01-01 00:00:00","ruby","2143"
"2016-01-01 00:00:00","swift","4782"
"2016-02-01 00:00:00","assembly","347"
"2016-02-01 00:00:00","c","3274"
"2016-02-01 00:00:00","c#","12723"
"2016-02-01 00:00:00","c++","6551"
"2016-02-01 00:00:00","delphi","355"
"2016-02-01 00:00:00","go","541"
"2016-02-01 00:00:00","java","17836"
"2016-02-01 00:00:00","javascript","22464"
"2016-02-01 00:00:00","perl","500"
"2016-02-01 00:00:00","php","14877"
"2016-02-01 00:00:00","python","13239"
"2016-02-01 00:00:00","r","3587"
"2016-02-01 00:00:00","ruby","2248"
"2016-02-01 00:00:00","swift","4747"
"2016-03-01 00:00:00","assembly","436"
"2016-03-01 00:00:00","c","3442"
"2016-03-01 00:00:00","c#","13598"
"2016-03-01 00:00:00","c++","7016"
"2016-03-01 00:00:00","delphi","339"
"2016-03-01 00:00:00","go","593"
"2016-03-01 00:00:00","java","19889"
"2016-03-01 00:00:00","javascript","24079"
"2016-03-01 00:00:00","perl","467"
"2016-03-01 00:00:00","php","15089"
"2016-03-01 00:00:00","python","14053"
"2016-03-01 00:00:00","r","4041"
"2016-03-01 00:00:00","ruby","2256"
"2016-03-01 00:00:00","swift","5071"
"2016-04-01 00:00:00","assembly","413"
"2016-04-01 00:00:00","c","3350"
"2016-04-01 00:00:00","c#","13707"
"2016-04-01 00:00:00","c++","6887"
"2016-04-01 00:00:00","delphi","324"
"2016-04-01 00:00:00","go","602"
"2016-04-01 00:00:00","java","19464"
"2016-04-01 00:00:00","javascript","23435"
"2016-04-01 00:00:00","perl","492"
"2016-04-01 00:00:00","php","14433"
"2016-04-01 00:00:00","python","13638"
"2016-04-01 00:00:00","r","4125"
"2016-04-01 00:00:00","ruby","2214"
"2016-04-01 00:00:00","swift","4747"
"2016-05-01 00:00:00","assembly","324"
"2016-05-01 00:00:00","c","2719"
"2016-05-01 00:00:00","c#","13484"
"2016-05-01 00:00:00","c++","6124"
"2016-05-01 00:00:00","delphi","337"
"2016-05-01 00:00:00","go","579"
"2016-05-01 00:00:00","java","17006"
"2016-05-01 00:00:00","javascript","22975"
"2016-05-01 00:00:00","perl","486"
"2016-05-01 00:00:00","php","14399"
"2016-05-01 00:00:00","python","13094"
"2016-05-01 00:00:00","r","3798"
"2016-05-01 00:00:00","ruby","2131"
"2016-05-01 00:00:00","swift","4410"
"2016-06-01 00:00:00","assembly","290"
"2016-06-01 00:00:00","c","2299"
"2016-06-01 00:00:00","c#","13045"
"2016-06-01 00:00:00","c++","5711"
"2016-06-01 00:00:00","delphi","281"
"2016-06-01 00:00:00","go","548"
"2016-06-01 00:00:00","java","15900"
"2016-06-01 00:00:00","javascript","22131"
"2016-06-01 00:00:00","perl","435"
"2016-06-01 00:00:00","php","13580"
"2016-06-01 00:00:00","python","12904"
"2016-06-01 00:00:00","r","3862"
"2016-06-01 00:00:00","ruby","2107"
"2016-06-01 00:00:00","swift","4791"
"2016-07-01 00:00:00","assembly","202"
"2016-07-01 00:00:00","c","2345"
"2016-07-01 00:00:00","c#","11990"
"2016-07-01 00:00:00","c++","5462"
"2016-07-01 00:00:00","delphi","242"
"2016-07-01 00:00:00","go","536"
"2016-07-01 00:00:00","java","14922"
"2016-07-01 00:00:00","javascript","22193"
"2016-07-01 00:00:00","perl","413"
"2016-07-01 00:00:00","php","12882"
"2016-07-01 00:00:00","python","12817"
"2016-07-01 00:00:00","r","3745"
"2016-07-01 00:00:00","ruby","1900"
"2016-07-01 00:00:00","swift","4929"
"2016-08-01 00:00:00","assembly","256"
"2016-08-01 00:00:00","c","2213"
"2016-08-01 00:00:00","c#","12710"
"2016-08-01 00:00:00","c++","5014"
"2016-08-01 00:00:00","delphi","338"
"2016-08-01 00:00:00","go","572"
"2016-08-01 00:00:00","java","15167"
"2016-08-01 00:00:00","javascript","22653"
"2016-08-01 00:00:00","perl","460"
"2016-08-01 00:00:00","php","12842"
"2016-08-01 00:00:00","python","12903"
"2016-08-01 00:00:00","r","3783"
"2016-08-01 00:00:00","ruby","1876"
"2016-08-01 00:00:00","swift","4899"
"2016-09-01 00:00:00","assembly","336"
"2016-09-01 00:00:00","c","2510"
"2016-09-01 00:00:00","c#","11096"
"2016-09-01 00:00:00","c++","5135"
"2016-09-01 00:00:00","delphi","287"
"2016-09-01 00:00:00","go","511"
"2016-09-01 00:00:00","java","14656"
"2016-09-01 00:00:00","javascript","20431"
"2016-09-01 00:00:00","perl","462"
"2016-09-01 00:00:00","php","12106"
"2016-09-01 00:00:00","python","12331"
"2016-09-01 00:00:00","r","3301"
"2016-09-01 00:00:00","ruby","1924"
"2016-09-01 00:00:00","swift","4853"
"2016-10-01 00:00:00","assembly","398"
"2016-10-01 00:00:00","c","3205"
"2016-10-01 00:00:00","c#","11442"
"2016-10-01 00:00:00","c++","5964"
"2016-10-01 00:00:00","delphi","267"
"2016-10-01 00:00:00","go","532"
"2016-10-01 00:00:00","java","15309"
"2016-10-01 00:00:00","javascript","20429"
"2016-10-01 00:00:00","perl","403"
"2016-10-01 00:00:00","php","12235"
"2016-10-01 00:00:00","python","13497"
"2016-10-01 00:00:00","r","3786"
"2016-10-01 00:00:00","ruby","1821"
"2016-10-01 00:00:00","swift","4727"
"2016-11-01 00:00:00","assembly","412"
"2016-11-01 00:00:00","c","3260"
"2016-11-01 00:00:00","c#","11643"
"2016-11-01 00:00:00","c++","6069"
"2016-11-01 00:00:00","delphi","274"
"2016-11-01 00:00:00","go","476"
"2016-11-01 00:00:00","java","15638"
"2016-11-01 00:00:00","javascript","20494"
"2016-11-01 00:00:00","perl","372"
"2016-11-01 00:00:00","php","11903"
"2016-11-01 00:00:00","python","14171"
"2016-11-01 00:00:00","r","3559"
"2016-11-01 00:00:00","ruby","1757"
"2016-11-01 00:00:00","swift","4362"
"2016-12-01 00:00:00","assembly","314"
"2016-12-01 00:00:00","c","2792"
"2016-12-01 00:00:00","c#","10680"
"2016-12-01 00:00:00","c++","5219"
"2016-12-01 00:00:00","delphi","252"
"2016-12-01 00:00:00","go","496"
"2016-12-01 00:00:00","java","13830"
"2016-12-01 00:00:00","javascript","19780"
"2016-12-01 00:00:00","perl","337"
"2016-12-01 00:00:00","php","11447"
"2016-12-01 00:00:00","python","13035"
"2016-12-01 00:00:00","r","3149"
"2016-12-01 00:00:00","ruby","1627"
"2016-12-01 00:00:00","swift","3926"
"2017-01-01 00:00:00","assembly","306"
"2017-01-01 00:00:00","c","2755"
"2017-01-01 00:00:00","c#","11685"
"2017-01-01 00:00:00","c++","5644"
"2017-01-01 00:00:00","delphi","285"
"2017-01-01 00:00:00","go","559"
"2017-01-01 00:00:00","java","14542"
"2017-01-01 00:00:00","javascript","21371"
"2017-01-01 00:00:00","perl","325"
"2017-01-01 00:00:00","php","12571"
"2017-01-01 00:00:00","python","14259"
"2017-01-01 00:00:00","r","3484"
"2017-01-01 00:00:00","ruby","1821"
"2017-01-01 00:00:00","swift","4330"
"2017-02-01 00:00:00","assembly","301"
"2017-02-01 00:00:00","c","2724"
"2017-02-01 00:00:00","c#","11475"
"2017-02-01 00:00:00","c++","5164"
"2017-02-01 00:00:00","delphi","303"
"2017-02-01 00:00:00","go","554"
"2017-02-01 00:00:00","java","14544"
"2017-02-01 00:00:00","javascript","21166"
"2017-02-01 00:00:00","perl","398"
"2017-02-01 00:00:00","php","12446"
"2017-02-01 00:00:00","python","14759"
"2017-02-01 00:00:00","r","3673"
"2017-02-01 00:00:00","ruby","1623"
"2017-02-01 00:00:00","swift","4050"
"2017-03-01 00:00:00","assembly","371"
"2017-03-01 00:00:00","c","2965"
"2017-03-01 00:00:00","c#","12976"
"2017-03-01 00:00:00","c++","6213"
"2017-03-01 00:00:00","delphi","304"
"2017-03-01 00:00:00","go","651"
"2017-03-01 00:00:00","java","17286"
"2017-03-01 00:00:00","javascript","23681"
"2017-03-01 00:00:00","perl","409"
"2017-03-01 00:00:00","php","14001"
"2017-03-01 00:00:00","python","17115"
"2017-03-01 00:00:00","r","4601"
"2017-03-01 00:00:00","ruby","1790"
"2017-03-01 00:00:00","swift","4609"
"2017-04-01 00:00:00","assembly","316"
"2017-04-01 00:00:00","c","2850"
"2017-04-01 00:00:00","c#","11077"
"2017-04-01 00:00:00","c++","5868"
"2017-04-01 00:00:00","delphi","264"
"2017-04-01 00:00:00","go","507"
"2017-04-01 00:00:00","java","15910"
"2017-04-01 00:00:00","javascript","21213"
"2017-04-01 00:00:00","perl","369"
"2017-04-01 00:00:00","php","12357"
"2017-04-01 00:00:00","python","15639"
"2017-04-01 00:00:00","r","4263"
"2017-04-01 00:00:00","ruby","1487"
"2017-04-01 00:00:00","swift","3907"
"2017-05-01 00:00:00","assembly","348"
"2017-05-01 00:00:00","c","2742"
"2017-05-01 00:00:00","c#","11966"
"2017-05-01 00:00:00","c++","5295"
"2017-05-01 00:00:00","delphi","320"
"2017-05-01 00:00:00","go","583"
"2017-05-01 00:00:00","java","16316"
"2017-05-01 00:00:00","javascript","22371"
"2017-05-01 00:00:00","perl","355"
"2017-05-01 00:00:00","php","12995"
"2017-05-01 00:00:00","python","16177"
"2017-05-01 00:00:00","r","4313"
"2017-05-01 00:00:00","ruby","1520"
"2017-05-01 00:00:00","swift","4089"
"2017-06-01 00:00:00","assembly","240"
"2017-06-01 00:00:00","c","2348"
"2017-06-01 00:00:00","c#","11291"
"2017-06-01 00:00:00","c++","4677"
"2017-06-01 00:00:00","delphi","245"
"2017-06-01 00:00:00","go","572"
"2017-06-01 00:00:00","java","14601"
"2017-06-01 00:00:00","javascript","21555"
"2017-06-01 00:00:00","perl","312"
"2017-06-01 00:00:00","php","11696"
"2017-06-01 00:00:00","python","15997"
"2017-06-01 00:00:00","r","4446"
"2017-06-01 00:00:00","ruby","1415"
"2017-06-01 00:00:00","swift","4193"
"2017-07-01 00:00:00","assembly","220"
"2017-07-01 00:00:00","c","2041"
"2017-07-01 00:00:00","c#","11190"
"2017-07-01 00:00:00","c++","5012"
"2017-07-01 00:00:00","delphi","207"
"2017-07-01 00:00:00","go","655"
"2017-07-01 00:00:00","java","14105"
"2017-07-01 00:00:00","javascript","21589"
"2017-07-01 00:00:00","perl","324"
"2017-07-01 00:00:00","php","11720"
"2017-07-01 00:00:00","python","16904"
"2017-07-01 00:00:00","r","4578"
"2017-07-01 00:00:00","ruby","1521"
"2017-07-01 00:00:00","swift","4345"
"2017-08-01 00:00:00","assembly","216"
"2017-08-01 00:00:00","c","2038"
"2017-08-01 00:00:00","c#","10940"
"2017-08-01 00:00:00","c++","4786"
"2017-08-01 00:00:00","delphi","290"
"2017-08-01 00:00:00","go","607"
"2017-08-01 00:00:00","java","13741"
"2017-08-01 00:00:00","javascript","21318"
"2017-08-01 00:00:00","perl","356"
"2017-08-01 00:00:00","php","11592"
"2017-08-01 00:00:00","python","16461"
"2017-08-01 00:00:00","r","4566"
"2017-08-01 00:00:00","ruby","1392"
"2017-08-01 00:00:00","swift","4176"
"2017-09-01 00:00:00","assembly","229"
"2017-09-01 00:00:00","c","2099"
"2017-09-01 00:00:00","c#","9860"
"2017-09-01 00:00:00","c++","4464"
"2017-09-01 00:00:00","delphi","261"
"2017-09-01 00:00:00","go","544"
"2017-09-01 00:00:00","java","12732"
"2017-09-01 00:00:00","javascript","18969"
"2017-09-01 00:00:00","perl","297"
"2017-09-01 00:00:00","php","10647"
"2017-09-01 00:00:00","python","15441"
"2017-09-01 00:00:00","r","4220"
"2017-09-01 00:00:00","ruby","1222"
"2017-09-01 00:00:00","swift","3758"
"2017-10-01 00:00:00","assembly","332"
"2017-10-01 00:00:00","c","2773"
"2017-10-01 00:00:00","c#","10218"
"2017-10-01 00:00:00","c++","5213"
"2017-10-01 00:00:00","delphi","221"
"2017-10-01 00:00:00","go","614"
"2017-10-01 00:00:00","java","13986"
"2017-10-01 00:00:00","javascript","19838"
"2017-10-01 00:00:00","perl","333"
"2017-10-01 00:00:00","php","10784"
"2017-10-01 00:00:00","python","16932"
"2017-10-01 00:00:00","r","4544"
"2017-10-01 00:00:00","ruby","1298"
"2017-10-01 00:00:00","swift","3893"
"2017-11-01 00:00:00","assembly","385"
"2017-11-01 00:00:00","c","2948"
"2017-11-01 00:00:00","c#","9777"
"2017-11-01 00:00:00","c++","5031"
"2017-11-01 00:00:00","delphi","200"
"2017-11-01 00:00:00","go","655"
"2017-11-01 00:00:00","java","14156"
"2017-11-01 00:00:00","javascript","19388"
"2017-11-01 00:00:00","perl","264"
"2017-11-01 00:00:00","php","10557"
"2017-11-01 00:00:00","python","16953"
"2017-11-01 00:00:00","r","4501"
"2017-11-01 00:00:00","ruby","1174"
"2017-11-01 00:00:00","swift","3661"
"2017-12-01 00:00:00","assembly","247"
"2017-12-01 00:00:00","c","2192"
"2017-12-01 00:00:00","c#","8589"
"2017-12-01 00:00:00","c++","4453"
"2017-12-01 00:00:00","delphi","187"
"2017-12-01 00:00:00","go","524"
"2017-12-01 00:00:00","java","11963"
"2017-12-01 00:00:00","javascript","16945"
"2017-12-01 00:00:00","perl","237"
"2017-12-01 00:00:00","php","9089"
"2017-12-01 00:00:00","python","14926"
"2017-12-01 00:00:00","r","3713"
"2017-12-01 00:00:00","ruby","1018"
"2017-12-01 00:00:00","swift","3198"
"2018-01-01 00:00:00","assembly","253"
"2018-01-01 00:00:00","c","2212"
"2018-01-01 00:00:00","c#","9359"
"2018-01-01 00:00:00","c++","4748"
"2018-01-01 00:00:00","delphi","195"
"2018-01-01 00:00:00","go","542"
"2018-01-01 00:00:00","java","12329"
"2018-01-01 00:00:00","javascript","18878"
"2018-01-01 00:00:00","perl","245"
"2018-01-01 00:00:00","php","10072"
"2018-01-01 00:00:00","python","16223"
"2018-01-01 00:00:00","r","4198"
"2018-01-01 00:00:00","ruby","1160"
"2018-01-01 00:00:00","swift","3737"
"2018-02-01 00:00:00","assembly","281"
"2018-02-01 00:00:00","c","2141"
"2018-02-01 00:00:00","c#","8570"
"2018-02-01 00:00:00","c++","4565"
"2018-02-01 00:00:00","delphi","213"
"2018-02-01 00:00:00","go","581"
"2018-02-01 00:00:00","java","12013"
"2018-02-01 00:00:00","javascript","17205"
"2018-02-01 00:00:00","perl","231"
"2018-02-01 00:00:00","php","9087"
"2018-02-01 00:00:00","python","16291"
"2018-02-01 00:00:00","r","4499"
"2018-02-01 00:00:00","ruby","1031"
"2018-02-01 00:00:00","swift","3400"
"2018-03-01 00:00:00","assembly","317"
"2018-03-01 00:00:00","c","2460"
"2018-03-01 00:00:00","c#","9779"
"2018-03-01 00:00:00","c++","5174"
"2018-03-01 00:00:00","delphi","218"
"2018-03-01 00:00:00","go","603"
"2018-03-01 00:00:00","java","13542"
"2018-03-01 00:00:00","javascript","19129"
"2018-03-01 00:00:00","perl","288"
"2018-03-01 00:00:00","php","9788"
"2018-03-01 00:00:00","python","17887"
"2018-03-01 00:00:00","r","5105"
"2018-03-01 00:00:00","ruby","1061"
"2018-03-01 00:00:00","swift","4045"
"2018-04-01 00:00:00","assembly","321"
"2018-04-01 00:00:00","c","2182"
"2018-04-01 00:00:00","c#","9228"
"2018-04-01 00:00:00","c++","4658"
"2018-04-01 00:00:00","delphi","204"
"2018-04-01 00:00:00","go","619"
"2018-04-01 00:00:00","java","13467"
"2018-04-01 00:00:00","javascript","17938"
"2018-04-01 00:00:00","perl","253"
"2018-04-01 00:00:00","php","8904"
"2018-04-01 00:00:00","python","16962"
"2018-04-01 00:00:00","r","4728"
"2018-04-01 00:00:00","ruby","987"
"2018-04-01 00:00:00","swift","3566"
"2018-05-01 00:00:00","assembly","295"
"2018-05-01 00:00:00","c","2364"
"2018-05-01 00:00:00","c#","9917"
"2018-05-01 00:00:00","c++","4680"
"2018-05-01 00:00:00","delphi","193"
"2018-05-01 00:00:00","go","630"
"2018-05-01 00:00:00","java","13443"
"2018-05-01 00:00:00","javascript","18045"
"2018-05-01 00:00:00","perl","242"
"2018-05-01 00:00:00","php","9410"
"2018-05-01 00:00:00","python","17555"
"2018-05-01 00:00:00","r","4731"
"2018-05-01 00:00:00","ruby","1034"
"2018-05-01 00:00:00","swift","3614"
"2018-06-01 00:00:00","assembly","206"
"2018-06-01 00:00:00","c","1833"
"2018-06-01 00:00:00","c#","8780"
"2018-06-01 00:00:00","c++","4090"
"2018-06-01 00:00:00","delphi","186"
"2018-06-01 00:00:00","go","674"
"2018-06-01 00:00:00","java","11769"
"2018-06-01 00:00:00","javascript","17167"
"2018-06-01 00:00:00","perl","238"
"2018-06-01 00:00:00","php","8395"
"2018-06-01 00:00:00","python","16789"
"2018-06-01 00:00:00","r","4482"
"2018-06-01 00:00:00","ruby","990"
"2018-06-01 00:00:00","swift","3140"
"2018-07-01 00:00:00","assembly","182"
"2018-07-01 00:00:00","c","1599"
"2018-07-01 00:00:00","c#","9390"
"2018-07-01 00:00:00","c++","3909"
"2018-07-01 00:00:00","delphi","206"
"2018-07-01 00:00:00","go","691"
"2018-07-01 00:00:00","java","11733"
"2018-07-01 00:00:00","javascript","17798"
"2018-07-01 00:00:00","perl","246"
"2018-07-01 00:00:00","php","8520"
"2018-07-01 00:00:00","python","17922"
"2018-07-01 00:00:00","r","4404"
"2018-07-01 00:00:00","ruby","940"
"2018-07-01 00:00:00","swift","3667"
"2018-08-01 00:00:00","assembly","176"
"2018-08-01 00:00:00","c","1678"
"2018-08-01 00:00:00","c#","9473"
"2018-08-01 00:00:00","c++","3900"
"2018-08-01 00:00:00","delphi","204"
"2018-08-01 00:00:00","go","704"
"2018-08-01 00:00:00","java","11286"
"2018-08-01 00:00:00","javascript","17840"
"2018-08-01 00:00:00","perl","227"
"2018-08-01 00:00:00","php","8446"
"2018-08-01 00:00:00","python","17719"
"2018-08-01 00:00:00","r","4100"
"2018-08-01 00:00:00","ruby","878"
"2018-08-01 00:00:00","swift","3563"
"2018-09-01 00:00:00","assembly","255"
"2018-09-01 00:00:00","c","1832"
"2018-09-01 00:00:00","c#","8349"
"2018-09-01 00:00:00","c++","3736"
"2018-09-01 00:00:00","delphi","181"
"2018-09-01 00:00:00","go","672"
"2018-09-01 00:00:00","java","10699"
"2018-09-01 00:00:00","javascript","15985"
"2018-09-01 00:00:00","perl","205"
"2018-09-01 00:00:00","php","7626"
"2018-09-01 00:00:00","python","16001"
"2018-09-01 00:00:00","r","3749"
"2018-09-01 00:00:00","ruby","777"
"2018-09-01 00:00:00","swift","3136"
"2018-10-01 00:00:00","assembly","321"
"2018-10-01 00:00:00","c","2444"
"2018-10-01 00:00:00","c#","9328"
"2018-10-01 00:00:00","c++","4299"
"2018-10-01 00:00:00","delphi","222"
"2018-10-01 00:00:00","go","790"
"2018-10-01 00:00:00","java","12478"
"2018-10-01 00:00:00","javascript","17391"
"2018-10-01 00:00:00","perl","277"
"2018-10-01 00:00:00","php","8126"
"2018-10-01 00:00:00","python","18131"
"2018-10-01 00:00:00","r","4355"
"2018-10-01 00:00:00","ruby","897"
"2018-10-01 00:00:00","swift","3263"
"2018-11-01 00:00:00","assembly","301"
"2018-11-01 00:00:00","c","2519"
"2018-11-01 00:00:00","c#","8458"
"2018-11-01 00:00:00","c++","4334"
"2018-11-01 00:00:00","delphi","179"
"2018-11-01 00:00:00","go","717"
"2018-11-01 00:00:00","java","11677"
"2018-11-01 00:00:00","javascript","16160"
"2018-11-01 00:00:00","perl","235"
"2018-11-01 00:00:00","php","7045"
"2018-11-01 00:00:00","python","17998"
"2018-11-01 00:00:00","r","4224"
"2018-11-01 00:00:00","ruby","833"
"2018-11-01 00:00:00","swift","2976"
"2018-12-01 00:00:00","assembly","221"
"2018-12-01 00:00:00","c","2188"
"2018-12-01 00:00:00","c#","7533"
"2018-12-01 00:00:00","c++","3552"
"2018-12-01 00:00:00","delphi","175"
"2018-12-01 00:00:00","go","656"
"2018-12-01 00:00:00","java","10423"
"2018-12-01 00:00:00","javascript","14255"
"2018-12-01 00:00:00","perl","220"
"2018-12-01 00:00:00","php","6175"
"2018-12-01 00:00:00","python","15705"
"2018-12-01 00:00:00","r","3397"
"2018-12-01 00:00:00","ruby","806"
"2018-12-01 00:00:00","swift","2778"
"2019-01-01 00:00:00","assembly","218"
"2019-01-01 00:00:00","c","2278"
"2019-01-01 00:00:00","c#","8729"
"2019-01-01 00:00:00","c++","3901"
"2019-01-01 00:00:00","delphi","215"
"2019-01-01 00:00:00","go","658"
"2019-01-01 00:00:00","java","11000"
"2019-01-01 00:00:00","javascript","16001"
"2019-01-01 00:00:00","perl","264"
"2019-01-01 00:00:00","php","7142"
"2019-01-01 00:00:00","python","16926"
"2019-01-01 00:00:00","r","3941"
"2019-01-01 00:00:00","ruby","915"
"2019-01-01 00:00:00","swift","2902"
"2019-02-01 00:00:00","assembly","224"
"2019-02-01 00:00:00","c","2052"
"2019-02-01 00:00:00","c#","8337"
"2019-02-01 00:00:00","c++","3724"
"2019-02-01 00:00:00","delphi","190"
"2019-02-01 00:00:00","go","628"
"2019-02-01 00:00:00","java","10970"
"2019-02-01 00:00:00","javascript","15669"
"2019-02-01 00:00:00","perl","250"
"2019-02-01 00:00:00","php","7239"
"2019-02-01 00:00:00","python","17505"
"2019-02-01 00:00:00","r","4245"
"2019-02-01 00:00:00","ruby","786"
"2019-02-01 00:00:00","swift","2675"
"2019-03-01 00:00:00","assembly","276"
"2019-03-01 00:00:00","c","2376"
"2019-03-01 00:00:00","c#","8942"
"2019-03-01 00:00:00","c++","4421"
"2019-03-01 00:00:00","delphi","186"
"2019-03-01 00:00:00","go","721"
"2019-03-01 00:00:00","java","12011"
"2019-03-01 00:00:00","javascript","17304"
"2019-03-01 00:00:00","perl","231"
"2019-03-01 00:00:00","php","7744"
"2019-03-01 00:00:00","python","19867"
"2019-03-01 00:00:00","r","4487"
"2019-03-01 00:00:00","ruby","843"
"2019-03-01 00:00:00","swift","2942"
"2019-04-01 00:00:00","assembly","303"
"2019-04-01 00:00:00","c","2427"
"2019-04-01 00:00:00","c#","9095"
"2019-04-01 00:00:00","c++","4368"
"2019-04-01 00:00:00","delphi","204"
"2019-04-01 00:00:00","go","650"
"2019-04-01 00:00:00","java","11141"
"2019-04-01 00:00:00","javascript","16139"
"2019-04-01 00:00:00","perl","205"
"2019-04-01 00:00:00","php","7126"
"2019-04-01 00:00:00","python","19805"
"2019-04-01 00:00:00","r","4594"
"2019-04-01 00:00:00","ruby","767"
"2019-04-01 00:00:00","swift","3069"
"2019-05-01 00:00:00","assembly","234"
"2019-05-01 00:00:00","c","2089"
"2019-05-01 00:00:00","c#","9003"
"2019-05-01 00:00:00","c++","4118"
"2019-05-01 00:00:00","delphi","170"
"2019-05-01 00:00:00","go","673"
"2019-05-01 00:00:00","java","11066"
"2019-05-01 00:00:00","javascript","16113"
"2019-05-01 00:00:00","perl","221"
"2019-05-01 00:00:00","php","6909"
"2019-05-01 00:00:00","python","18885"
"2019-05-01 00:00:00","r","4291"
"2019-05-01 00:00:00","ruby","759"
"2019-05-01 00:00:00","swift","3103"
"2019-06-01 00:00:00","assembly","199"
"2019-06-01 00:00:00","c","1724"
"2019-06-01 00:00:00","c#","7589"
"2019-06-01 00:00:00","c++","3635"
"2019-06-01 00:00:00","delphi","134"
"2019-06-01 00:00:00","go","526"
"2019-06-01 00:00:00","java","9612"
"2019-06-01 00:00:00","javascript","14780"
"2019-06-01 00:00:00","perl","235"
"2019-06-01 00:00:00","php","5977"
"2019-06-01 00:00:00","python","17198"
"2019-06-01 00:00:00","r","3943"
"2019-06-01 00:00:00","ruby","703"
"2019-06-01 00:00:00","swift","3084"
"2019-07-01 00:00:00","assembly","187"
"2019-07-01 00:00:00","c","1751"
"2019-07-01 00:00:00","c#","8427"
"2019-07-01 00:00:00","c++","4262"
"2019-07-01 00:00:00","delphi","164"
"2019-07-01 00:00:00","go","626"
"2019-07-01 00:00:00","java","10805"
"2019-07-01 00:00:00","javascript","16126"
"2019-07-01 00:00:00","perl","236"
"2019-07-01 00:00:00","php","6631"
"2019-07-01 00:00:00","python","19726"
"2019-07-01 00:00:00","r","4197"
"2019-07-01 00:00:00","ruby","758"
"2019-07-01 00:00:00","swift","3033"
"2019-08-01 00:00:00","assembly","166"
"2019-08-01 00:00:00","c","1546"
"2019-08-01 00:00:00","c#","7692"
"2019-08-01 00:00:00","c++","3283"
"2019-08-01 00:00:00","delphi","174"
"2019-08-01 00:00:00","go","630"
"2019-08-01 00:00:00","java","9067"
"2019-08-01 00:00:00","javascript","15183"
"2019-08-01 00:00:00","perl","192"
"2019-08-01 00:00:00","php","5778"
"2019-08-01 00:00:00","python","17999"
"2019-08-01 00:00:00","r","3948"
"2019-08-01 00:00:00","ruby","779"
"2019-08-01 00:00:00","swift","2536"
"2019-09-01 00:00:00","assembly","221"
"2019-09-01 00:00:00","c","2000"
"2019-09-01 00:00:00","c#","7833"
"2019-09-01 00:00:00","c++","3774"
"2019-09-01 00:00:00","delphi","145"
"2019-09-01 00:00:00","go","616"
"2019-09-01 00:00:00","java","9645"
"2019-09-01 00:00:00","javascript","14845"
"2019-09-01 00:00:00","perl","199"
"2019-09-01 00:00:00","php","5532"
"2019-09-01 00:00:00","python","16851"
"2019-09-01 00:00:00","r","3934"
"2019-09-01 00:00:00","ruby","715"
"2019-09-01 00:00:00","swift","2549"
"2019-10-01 00:00:00","assembly","317"
"2019-10-01 00:00:00","c","2474"
"2019-10-01 00:00:00","c#","8394"
"2019-10-01 00:00:00","c++","4829"
"2019-10-01 00:00:00","delphi","151"
"2019-10-01 00:00:00","go","633"
"2019-10-01 00:00:00","java","11179"
"2019-10-01 00:00:00","javascript","15947"
"2019-10-01 00:00:00","perl","208"
"2019-10-01 00:00:00","php","6015"
"2019-10-01 00:00:00","python","20417"
"2019-10-01 00:00:00","r","4381"
"2019-10-01 00:00:00","ruby","848"
"2019-10-01 00:00:00","swift","3094"
"2019-11-01 00:00:00","assembly","282"
"2019-11-01 00:00:00","c","2505"
"2019-11-01 00:00:00","c#","8010"
"2019-11-01 00:00:00","c++","4718"
"2019-11-01 00:00:00","delphi","171"
"2019-11-01 00:00:00","go","603"
"2019-11-01 00:00:00","java","10294"
"2019-11-01 00:00:00","javascript","15730"
"2019-11-01 00:00:00","perl","219"
"2019-11-01 00:00:00","php","6056"
"2019-11-01 00:00:00","python","20555"
"2019-11-01 00:00:00","r","4282"
"2019-11-01 00:00:00","ruby","684"
"2019-11-01 00:00:00","swift","2866"
"2019-12-01 00:00:00","assembly","248"
"2019-12-01 00:00:00","c","2141"
"2019-12-01 00:00:00","c#","7192"
"2019-12-01 00:00:00","c++","4192"
"2019-12-01 00:00:00","delphi","126"
"2019-12-01 00:00:00","go","615"
"2019-12-01 00:00:00","java","8998"
"2019-12-01 00:00:00","javascript","14289"
"2019-12-01 00:00:00","perl","157"
"2019-12-01 00:00:00","php","5196"
"2019-12-01 00:00:00","python","18087"
"2019-12-01 00:00:00","r","3737"
"2019-12-01 00:00:00","ruby","667"
"2019-12-01 00:00:00","swift","2656"
"2020-01-01 00:00:00","assembly","229"
"2020-01-01 00:00:00","c","2049"
"2020-01-01 00:00:00","c#","7784"
"2020-01-01 00:00:00","c++","4221"
"2020-01-01 00:00:00","delphi","163"
"2020-01-01 00:00:00","go","647"
"2020-01-01 00:00:00","java","9925"
"2020-01-01 00:00:00","javascript","15988"
"2020-01-01 00:00:00","perl","165"
"2020-01-01 00:00:00","php","5867"
"2020-01-01 00:00:00","python","19940"
"2020-01-01 00:00:00","r","4143"
"2020-01-01 00:00:00","ruby","761"
"2020-01-01 00:00:00","swift","2893"
"2020-02-01 00:00:00","assembly","271"
"2020-02-01 00:00:00","c","1976"
"2020-02-01 00:00:00","c#","7700"
"2020-02-01 00:00:00","c++","4073"
"2020-02-01 00:00:00","delphi","156"
"2020-02-01 00:00:00","go","661"
"2020-02-01 00:00:00","java","10017"
"2020-02-01 00:00:00","javascript","15717"
"2020-02-01 00:00:00","perl","178"
"2020-02-01 00:00:00","php","5640"
"2020-02-01 00:00:00","python","20002"
"2020-02-01 00:00:00","r","4672"
"2020-02-01 00:00:00","ruby","653"
"2020-02-01 00:00:00","swift","2756"
"2020-03-01 00:00:00","assembly","294"
"2020-03-01 00:00:00","c","2476"
"2020-03-01 00:00:00","c#","7774"
"2020-03-01 00:00:00","c++","4635"
"2020-03-01 00:00:00","delphi","167"
"2020-03-01 00:00:00","go","653"
"2020-03-01 00:00:00","java","11034"
"2020-03-01 00:00:00","javascript","17541"
"2020-03-01 00:00:00","perl","196"
"2020-03-01 00:00:00","php","5638"
"2020-03-01 00:00:00","python","22627"
"2020-03-01 00:00:00","r","5118"
"2020-03-01 00:00:00","ruby","711"
"2020-03-01 00:00:00","swift","2906"
"2020-04-01 00:00:00","assembly","377"
"2020-04-01 00:00:00","c","3248"
"2020-04-01 00:00:00","c#","8563"
"2020-04-01 00:00:00","c++","6205"
"2020-04-01 00:00:00","delphi","231"
"2020-04-01 00:00:00","go","795"
"2020-04-01 00:00:00","java","12585"
"2020-04-01 00:00:00","javascript","20862"
"2020-04-01 00:00:00","perl","220"
"2020-04-01 00:00:00","php","6595"
"2020-04-01 00:00:00","python","27588"
"2020-04-01 00:00:00","r","6167"
"2020-04-01 00:00:00","ruby","766"
"2020-04-01 00:00:00","swift","3442"
"2020-05-01 00:00:00","assembly","358"
"2020-05-01 00:00:00","c","3365"
"2020-05-01 00:00:00","c#","8577"
"2020-05-01 00:00:00","c++","6390"
"2020-05-01 00:00:00","delphi","201"
"2020-05-01 00:00:00","go","751"
"2020-05-01 00:00:00","java","11994"
"2020-05-01 00:00:00","javascript","21449"
"2020-05-01 00:00:00","perl","214"
"2020-05-01 00:00:00","php","6487"
"2020-05-01 00:00:00","python","29400"
"2020-05-01 00:00:00","r","6005"
"2020-05-01 00:00:00","ruby","695"
"2020-05-01 00:00:00","swift","3515"
"2020-06-01 00:00:00","assembly","329"
"2020-06-01 00:00:00","c","2584"
"2020-06-01 00:00:00","c#","7889"
"2020-06-01 00:00:00","c++","5614"
"2020-06-01 00:00:00","delphi","202"
"2020-06-01 00:00:00","go","707"
"2020-06-01 00:00:00","java","10801"
"2020-06-01 00:00:00","javascript","19778"
"2020-06-01 00:00:00","perl","198"
"2020-06-01 00:00:00","php","5909"
"2020-06-01 00:00:00","python","27070"
"2020-06-01 00:00:00","r","5433"
"2020-06-01 00:00:00","ruby","613"
"2020-06-01 00:00:00","swift","3155"
"2020-07-01 00:00:00","assembly","271"
"2020-07-01 00:00:00","c","2095"
"2020-07-01 00:00:00","c#","7800"
"2020-07-01 00:00:00","c++","5160"
"2020-07-01 00:00:00","delphi","193"
"2020-07-01 00:00:00","go","642"
"2020-07-01 00:00:00","java","10428"
"2020-07-01 00:00:00","javascript","19857"
"2020-07-01 00:00:00","perl","176"
"2020-07-01 00:00:00","php","5915"
"2020-07-01 00:00:00","python","26253"
"2020-07-01 00:00:00","r","4936"
"2020-07-01 00:00:00","ruby","697"
"2020-07-01 00:00:00","swift","2984"
"2020-08-01 00:00:00","assembly","265"
"2020-08-01 00:00:00","c","1892"
"2020-08-01 00:00:00","c#","7049"
"2020-08-01 00:00:00","c++","4770"
"2020-08-01 00:00:00","delphi","182"
"2020-08-01 00:00:00","go","707"
"2020-08-01 00:00:00","java","9293"
"2020-08-01 00:00:00","javascript","18007"
"2020-08-01 00:00:00","perl","192"
"2020-08-01 00:00:00","php","4962"
"2020-08-01 00:00:00","python","23013"
"2020-08-01 00:00:00","r","4494"
"2020-08-01 00:00:00","ruby","553"
"2020-08-01 00:00:00","swift","2676"
"2020-09-01 00:00:00","assembly","294"
"2020-09-01 00:00:00","c","2148"
"2020-09-01 00:00:00","c#","6445"
"2020-09-01 00:00:00","c++","3918"
"2020-09-01 00:00:00","delphi","172"
"2020-09-01 00:00:00","go","728"
"2020-09-01 00:00:00","java","8921"
"2020-09-01 00:00:00","javascript","16756"
"2020-09-01 00:00:00","perl","166"
"2020-09-01 00:00:00","php","4759"
"2020-09-01 00:00:00","python","21724"
"2020-09-01 00:00:00","r","4752"
"2020-09-01 00:00:00","ruby","513"
"2020-09-01 00:00:00","swift","2553"
"2020-10-01 00:00:00","assembly","342"
"2020-10-01 00:00:00","c","2365"
"2020-10-01 00:00:00","c#","6186"
"2020-10-01 00:00:00","c++","4319"
"2020-10-01 00:00:00","delphi","180"
"2020-10-01 00:00:00","go","590"
"2020-10-01 00:00:00","java","8919"
"2020-10-01 00:00:00","javascript","16406"
"2020-10-01 00:00:00","perl","171"
"2020-10-01 00:00:00","php","4571"
"2020-10-01 00:00:00","python","22769"
"2020-10-01 00:00:00","r","5069"
"2020-10-01 00:00:00","ruby","491"
"2020-10-01 00:00:00","swift","2320"
"2020-11-01 00:00:00","assembly","375"
"2020-11-01 00:00:00","c","2694"
"2020-11-01 00:00:00","c#","5970"
"2020-11-01 00:00:00","c++","4314"
"2020-11-01 00:00:00","delphi","193"
"2020-11-01 00:00:00","go","526"
"2020-11-01 00:00:00","java","8465"
"2020-11-01 00:00:00","javascript","15500"
"2020-11-01 00:00:00","perl","150"
"2020-11-01 00:00:00","php","4599"
"2020-11-01 00:00:00","python","22148"
"2020-11-01 00:00:00","r","4800"
"2020-11-01 00:00:00","ruby","501"
"2020-11-01 00:00:00","swift","2158"
"2020-12-01 00:00:00","assembly","299"
"2020-12-01 00:00:00","c","2642"
"2020-12-01 00:00:00","c#","5727"
"2020-12-01 00:00:00","c++","4444"
"2020-12-01 00:00:00","delphi","190"
"2020-12-01 00:00:00","go","535"
"2020-12-01 00:00:00","java","7805"
"2020-12-01 00:00:00","javascript","16005"
"2020-12-01 00:00:00","perl","131"
"2020-12-01 00:00:00","php","4775"
"2020-12-01 00:00:00","python","22184"
"2020-12-01 00:00:00","r","4338"
"2020-12-01 00:00:00","ruby","500"
"2020-12-01 00:00:00","swift","2098"
"2021-01-01 00:00:00","assembly","308"
"2021-01-01 00:00:00","c","2567"
"2021-01-01 00:00:00","c#","6183"
"2021-01-01 00:00:00","c++","4100"
"2021-01-01 00:00:00","delphi","199"
"2021-01-01 00:00:00","go","567"
"2021-01-01 00:00:00","java","8014"
"2021-01-01 00:00:00","javascript","16859"
"2021-01-01 00:00:00","perl","145"
"2021-01-01 00:00:00","php","4738"
"2021-01-01 00:00:00","python","22862"
"2021-01-01 00:00:00","r","4339"
"2021-01-01 00:00:00","ruby","523"
"2021-01-01 00:00:00","swift","2311"
"2021-02-01 00:00:00","assembly","244"
"2021-02-01 00:00:00","c","2235"
"2021-02-01 00:00:00","c#","5787"
"2021-02-01 00:00:00","c++","4091"
"2021-02-01 00:00:00","delphi","187"
"2021-02-01 00:00:00","go","567"
"2021-02-01 00:00:00","java","7573"
"2021-02-01 00:00:00","javascript","15260"
"2021-02-01 00:00:00","perl","133"
"2021-02-01 00:00:00","php","4361"
"2021-02-01 00:00:00","python","21385"
"2021-02-01 00:00:00","r","4324"
"2021-02-01 00:00:00","ruby","530"
"2021-02-01 00:00:00","swift","2256"
"2021-03-01 00:00:00","assembly","321"
"2021-03-01 00:00:00","c","2483"
"2021-03-01 00:00:00","c#","6386"
"2021-03-01 00:00:00","c++","4292"
"2021-03-01 00:00:00","delphi","254"
"2021-03-01 00:00:00","go","758"
"2021-03-01 00:00:00","java","8652"
"2021-03-01 00:00:00","javascript","16747"
"2021-03-01 00:00:00","perl","152"
"2021-03-01 00:00:00","php","4733"
"2021-03-01 00:00:00","python","23820"
"2021-03-01 00:00:00","r","5171"
"2021-03-01 00:00:00","ruby","497"
"2021-03-01 00:00:00","swift","2377"
"2021-04-01 00:00:00","assembly","320"
"2021-04-01 00:00:00","c","2294"
"2021-04-01 00:00:00","c#","5891"
"2021-04-01 00:00:00","c++","3933"
"2021-04-01 00:00:00","delphi","171"
"2021-04-01 00:00:00","go","626"
"2021-04-01 00:00:00","java","7909"
"2021-04-01 00:00:00","javascript","15837"
"2021-04-01 00:00:00","perl","136"
"2021-04-01 00:00:00","php","4304"
"2021-04-01 00:00:00","python","22422"
"2021-04-01 00:00:00","r","4794"
"2021-04-01 00:00:00","ruby","517"
"2021-04-01 00:00:00","swift","2110"
"2021-05-01 00:00:00","assembly","300"
"2021-05-01 00:00:00","c","2087"
"2021-05-01 00:00:00","c#","5727"
"2021-05-01 00:00:00","c++","4183"
"2021-05-01 00:00:00","delphi","169"
"2021-05-01 00:00:00","go","642"
"2021-05-01 00:00:00","java","7934"
"2021-05-01 00:00:00","javascript","15803"
"2021-05-01 00:00:00","perl","120"
"2021-05-01 00:00:00","php","4240"
"2021-05-01 00:00:00","python","22379"
"2021-05-01 00:00:00","r","4665"
"2021-05-01 00:00:00","ruby","400"
"2021-05-01 00:00:00","swift","1857"
"2021-06-01 00:00:00","assembly","260"
"2021-06-01 00:00:00","c","1866"
"2021-06-01 00:00:00","c#","5619"
"2021-06-01 00:00:00","c++","3815"
"2021-06-01 00:00:00","delphi","125"
"2021-06-01 00:00:00","go","608"
"2021-06-01 00:00:00","java","7575"
"2021-06-01 00:00:00","javascript","14986"
"2021-06-01 00:00:00","perl","154"
"2021-06-01 00:00:00","php","4063"
"2021-06-01 00:00:00","python","20867"
"2021-06-01 00:00:00","r","4282"
"2021-06-01 00:00:00","ruby","419"
"2021-06-01 00:00:00","swift","1789"
"2021-07-01 00:00:00","assembly","182"
"2021-07-01 00:00:00","c","1618"
"2021-07-01 00:00:00","c#","5201"
"2021-07-01 00:00:00","c++","3495"
"2021-07-01 00:00:00","delphi","140"
"2021-07-01 00:00:00","go","603"
"2021-07-01 00:00:00","java","6941"
"2021-07-01 00:00:00","javascript","14741"
"2021-07-01 00:00:00","perl","138"
"2021-07-01 00:00:00","php","3875"
"2021-07-01 00:00:00","python","20546"
"2021-07-01 00:00:00","r","4044"
"2021-07-01 00:00:00","ruby","445"
"2021-07-01 00:00:00","swift","1966"
"2021-08-01 00:00:00","assembly","161"
"2021-08-01 00:00:00","c","1530"
"2021-08-01 00:00:00","c#","5103"
"2021-08-01 00:00:00","c++","3237"
"2021-08-01 00:00:00","delphi","136"
"2021-08-01 00:00:00","go","745"
"2021-08-01 00:00:00","java","6745"
"2021-08-01 00:00:00","javascript","14618"
"2021-08-01 00:00:00","perl","118"
"2021-08-01 00:00:00","php","3853"
"2021-08-01 00:00:00","python","19805"
"2021-08-01 00:00:00","r","4032"
"2021-08-01 00:00:00","ruby","445"
"2021-08-01 00:00:00","swift","1891"
"2021-09-01 00:00:00","assembly","193"
"2021-09-01 00:00:00","c","1701"
"2021-09-01 00:00:00","c#","5050"
"2021-09-01 00:00:00","c++","3594"
"2021-09-01 00:00:00","delphi","134"
"2021-09-01 00:00:00","go","620"
"2021-09-01 00:00:00","java","6594"
"2021-09-01 00:00:00","javascript","14400"
"2021-09-01 00:00:00","perl","113"
"2021-09-01 00:00:00","php","3675"
"2021-09-01 00:00:00","python","19009"
"2021-09-01 00:00:00","r","3901"
"2021-09-01 00:00:00","ruby","446"
"2021-09-01 00:00:00","swift","1620"
"2021-10-01 00:00:00","assembly","203"
"2021-10-01 00:00:00","c","2088"
"2021-10-01 00:00:00","c#","5276"
"2021-10-01 00:00:00","c++","3712"
"2021-10-01 00:00:00","delphi","143"
"2021-10-01 00:00:00","go","699"
"2021-10-01 00:00:00","java","6558"
"2021-10-01 00:00:00","javascript","13817"
"2021-10-01 00:00:00","perl","127"
"2021-10-01 00:00:00","php","3574"
"2021-10-01 00:00:00","python","19772"
"2021-10-01 00:00:00","r","4172"
"2021-10-01 00:00:00","ruby","414"
"2021-10-01 00:00:00","swift","1566"
"2021-11-01 00:00:00","assembly","288"
"2021-11-01 00:00:00","c","2206"
"2021-11-01 00:00:00","c#","5588"
"2021-11-01 00:00:00","c++","3815"
"2021-11-01 00:00:00","delphi","140"
"2021-11-01 00:00:00","go","651"
"2021-11-01 00:00:00","java","6903"
"2021-11-01 00:00:00","javascript","13482"
"2021-11-01 00:00:00","perl","78"
"2021-11-01 00:00:00","php","3482"
"2021-11-01 00:00:00","python","20024"
"2021-11-01 00:00:00","r","4027"
"2021-11-01 00:00:00","ruby","393"
"2021-11-01 00:00:00","swift","1534"
"2021-12-01 00:00:00","assembly","266"
"2021-12-01 00:00:00","c","2102"
"2021-12-01 00:00:00","c#","5028"
"2021-12-01 00:00:00","c++","3572"
"2021-12-01 00:00:00","delphi","143"
"2021-12-01 00:00:00","go","723"
"2021-12-01 00:00:00","java","6181"
"2021-12-01 00:00:00","javascript","13077"
"2021-12-01 00:00:00","perl","103"
"2021-12-01 00:00:00","php","3237"
"2021-12-01 00:00:00","python","19032"
"2021-12-01 00:00:00","r","3539"
"2021-12-01 00:00:00","ruby","373"
"2021-12-01 00:00:00","swift","1423"
"2022-01-01 00:00:00","assembly","229"
"2022-01-01 00:00:00","c","1954"
"2022-01-01 00:00:00","c#","5266"
"2022-01-01 00:00:00","c++","3611"
"2022-01-01 00:00:00","delphi","135"
"2022-01-01 00:00:00","go","739"
"2022-01-01 00:00:00","java","6445"
"2022-01-01 00:00:00","javascript","13973"
"2022-01-01 00:00:00","perl","128"
"2022-01-01 00:00:00","php","3384"
"2022-01-01 00:00:00","python","19701"
"2022-01-01 00:00:00","r","3842"
"2022-01-01 00:00:00","ruby","443"
"2022-01-01 00:00:00","swift","1730"
"2022-02-01 00:00:00","assembly","214"
"2022-02-01 00:00:00","c","1678"
"2022-02-01 00:00:00","c#","5099"
"2022-02-01 00:00:00","c++","3196"
"2022-02-01 00:00:00","delphi","166"
"2022-02-01 00:00:00","go","646"
"2022-02-01 00:00:00","java","5932"
"2022-02-01 00:00:00","javascript","12826"
"2022-02-01 00:00:00","perl","96"
"2022-02-01 00:00:00","php","3107"
"2022-02-01 00:00:00","python","19261"
"2022-02-01 00:00:00","r","3912"
"2022-02-01 00:00:00","ruby","406"
"2022-02-01 00:00:00","swift","1600"
"2022-03-01 00:00:00","assembly","235"
"2022-03-01 00:00:00","c","1955"
"2022-03-01 00:00:00","c#","5680"
"2022-03-01 00:00:00","c++","3509"
"2022-03-01 00:00:00","delphi","120"
"2022-03-01 00:00:00","go","760"
"2022-03-01 00:00:00","java","6581"
"2022-03-01 00:00:00","javascript","13605"
"2022-03-01 00:00:00","perl","103"
"2022-03-01 00:00:00","php","3119"
"2022-03-01 00:00:00","python","20774"
"2022-03-01 00:00:00","r","4485"
"2022-03-01 00:00:00","ruby","444"
"2022-03-01 00:00:00","swift","1748"
"2022-04-01 00:00:00","assembly","246"
"2022-04-01 00:00:00","c","1745"
"2022-04-01 00:00:00","c#","5210"
"2022-04-01 00:00:00","c++","3495"
"2022-04-01 00:00:00","delphi","114"
"2022-04-01 00:00:00","go","716"
"2022-04-01 00:00:00","java","6384"
"2022-04-01 00:00:00","javascript","13502"
"2022-04-01 00:00:00","perl","100"
"2022-04-01 00:00:00","php","3184"
"2022-04-01 00:00:00","python","19877"
"2022-04-01 00:00:00","r","4179"
"2022-04-01 00:00:00","ruby","431"
"2022-04-01 00:00:00","swift","1454"
"2022-05-01 00:00:00","assembly","259"
"2022-05-01 00:00:00","c","1774"
"2022-05-01 00:00:00","c#","5503"
"2022-05-01 00:00:00","c++","3543"
"2022-05-01 00:00:00","delphi","119"
"2022-05-01 00:00:00","go","608"
"2022-05-01 00:00:00","java","6494"
"2022-05-01 00:00:00","javascript","13351"
"2022-05-01 00:00:00","perl","92"
"2022-05-01 00:00:00","php","3371"
"2022-05-01 00:00:00","python","19446"
"2022-05-01 00:00:00","r","4139"
"2022-05-01 00:00:00","ruby","437"
"2022-05-01 00:00:00","swift","1470"
"2022-06-01 00:00:00","assembly","239"
"2022-06-01 00:00:00","c","1564"
"2022-06-01 00:00:00","c#","5313"
"2022-06-01 00:00:00","c++","3093"
"2022-06-01 00:00:00","delphi","110"
"2022-06-01 00:00:00","go","681"
"2022-06-01 00:00:00","java","5726"
"2022-06-01 00:00:00","javascript","12674"
"2022-06-01 00:00:00","perl","123"
"2022-06-01 00:00:00","php","3200"
"2022-06-01 00:00:00","python","18818"
"2022-06-01 00:00:00","r","3890"
"2022-06-01 00:00:00","ruby","428"
"2022-06-01 00:00:00","swift","1518"
"2022-07-01 00:00:00","assembly","203"
"2022-07-01 00:00:00","c","1388"
"2022-07-01 00:00:00","c#","5235"
"2022-07-01 00:00:00","c++","3002"
"2022-07-01 00:00:00","delphi","116"
"2022-07-01 00:00:00","go","687"
"2022-07-01 00:00:00","java","5414"
"2022-07-01 00:00:00","javascript","12775"
"2022-07-01 00:00:00","perl","126"
"2022-07-01 00:00:00","php","3108"
"2022-07-01 00:00:00","python","19084"
"2022-07-01 00:00:00","r","3666"
"2022-07-01 00:00:00","ruby","405"
"2022-07-01 00:00:00","swift","1474"
"2022-08-01 00:00:00","assembly","161"
"2022-08-01 00:00:00","c","1438"
"2022-08-01 00:00:00","c#","5501"
"2022-08-01 00:00:00","c++","2966"
"2022-08-01 00:00:00","delphi","118"
"2022-08-01 00:00:00","go","796"
"2022-08-01 00:00:00","java","5328"
"2022-08-01 00:00:00","javascript","13119"
"2022-08-01 00:00:00","perl","117"
"2022-08-01 00:00:00","php","3115"
"2022-08-01 00:00:00","python","18737"
"2022-08-01 00:00:00","r","3787"
"2022-08-01 00:00:00","ruby","424"
"2022-08-01 00:00:00","swift","1491"
"2022-09-01 00:00:00","assembly","174"
"2022-09-01 00:00:00","c","1561"
"2022-09-01 00:00:00","c#","5004"
"2022-09-01 00:00:00","c++","2787"
"2022-09-01 00:00:00","delphi","132"
"2022-09-01 00:00:00","go","790"
"2022-09-01 00:00:00","java","5053"
"2022-09-01 00:00:00","javascript","11930"
"2022-09-01 00:00:00","perl","82"
"2022-09-01 00:00:00","php","2841"
"2022-09-01 00:00:00","python","17133"
"2022-09-01 00:00:00","r","3544"
"2022-09-01 00:00:00","ruby","402"
"2022-09-01 00:00:00","swift","1506"
"2022-10-01 00:00:00","assembly","235"
"2022-10-01 00:00:00","c","1961"
"2022-10-01 00:00:00","c#","5478"
"2022-10-01 00:00:00","c++","3076"
"2022-10-01 00:00:00","delphi","145"
"2022-10-01 00:00:00","go","723"
"2022-10-01 00:00:00","java","5988"
"2022-10-01 00:00:00","javascript","13100"
"2022-10-01 00:00:00","perl","82"
"2022-10-01 00:00:00","php","3111"
"2022-10-01 00:00:00","python","20550"
"2022-10-01 00:00:00","r","4235"
"2022-10-01 00:00:00","ruby","406"
"2022-10-01 00:00:00","swift","1489"
"2022-11-01 00:00:00","assembly","287"
"2022-11-01 00:00:00","c","2166"
"2022-11-01 00:00:00","c#","5987"
"2022-11-01 00:00:00","c++","3269"
"2022-11-01 00:00:00","delphi","115"
"2022-11-01 00:00:00","go","751"
"2022-11-01 00:00:00","java","6763"
"2022-11-01 00:00:00","javascript","14281"
"2022-11-01 00:00:00","perl","110"
"2022-11-01 00:00:00","php","3334"
"2022-11-01 00:00:00","python","22714"
"2022-11-01 00:00:00","r","4619"
"2022-11-01 00:00:00","ruby","464"
"2022-11-01 00:00:00","swift","1662"
"2022-12-01 00:00:00","assembly","283"
"2022-12-01 00:00:00","c","1849"
"2022-12-01 00:00:00","c#","5314"
"2022-12-01 00:00:00","c++","2847"
"2022-12-01 00:00:00","delphi","86"
"2022-12-01 00:00:00","go","628"
"2022-12-01 00:00:00","java","5945"
"2022-12-01 00:00:00","javascript","12477"
"2022-12-01 00:00:00","perl","95"
"2022-12-01 00:00:00","php","2870"
"2022-12-01 00:00:00","python","19202"
"2022-12-01 00:00:00","r","3679"
"2022-12-01 00:00:00","ruby","392"
"2022-12-01 00:00:00","swift","1461"
"2023-01-01 00:00:00","assembly","239"
"2023-01-01 00:00:00","c","1508"
"2023-01-01 00:00:00","c#","5347"
"2023-01-01 00:00:00","c++","2641"
"2023-01-01 00:00:00","delphi","114"
"2023-01-01 00:00:00","go","730"
"2023-01-01 00:00:00","java","5738"
"2023-01-01 00:00:00","javascript","12199"
"2023-01-01 00:00:00","perl","75"
"2023-01-01 00:00:00","php","3059"
"2023-01-01 00:00:00","python","17978"
"2023-01-01 00:00:00","r","3749"
"2023-01-01 00:00:00","ruby","372"
"2023-01-01 00:00:00","swift","1437"
"2023-02-01 00:00:00","assembly","188"
"2023-02-01 00:00:00","c","1307"
"2023-02-01 00:00:00","c#","4748"
"2023-02-01 00:00:00","c++","2214"
"2023-02-01 00:00:00","delphi","133"
"2023-02-01 00:00:00","go","655"
"2023-02-01 00:00:00","java","5179"
"2023-02-01 00:00:00","javascript","10440"
"2023-02-01 00:00:00","perl","79"
"2023-02-01 00:00:00","php","2417"
"2023-02-01 00:00:00","python","15690"
"2023-02-01 00:00:00","r","3801"
"2023-02-01 00:00:00","ruby","340"
"2023-02-01 00:00:00","swift","1292"
"2023-03-01 00:00:00","assembly","179"
"2023-03-01 00:00:00","c","1263"
"2023-03-01 00:00:00","c#","4898"
"2023-03-01 00:00:00","c++","2563"
"2023-03-01 00:00:00","delphi","143"
"2023-03-01 00:00:00","go","636"
"2023-03-01 00:00:00","java","5521"
"2023-03-01 00:00:00","javascript","10510"
"2023-03-01 00:00:00","perl","95"
"2023-03-01 00:00:00","php","2275"
"2023-03-01 00:00:00","python","15481"
"2023-03-01 00:00:00","r","3828"
"2023-03-01 00:00:00","ruby","300"
"2023-03-01 00:00:00","swift","1363"
"2023-04-01 00:00:00","assembly","195"
"2023-04-01 00:00:00","c","1186"
"2023-04-01 00:00:00","c#","3839"
"2023-04-01 00:00:00","c++","1960"
"2023-04-01 00:00:00","delphi","121"
"2023-04-01 00:00:00","go","512"
"2023-04-01 00:00:00","java","4467"
"2023-04-01 00:00:00","javascript","8290"
"2023-04-01 00:00:00","perl","56"
"2023-04-01 00:00:00","php","1930"
"2023-04-01 00:00:00","python","12420"
"2023-04-01 00:00:00","r","3095"
"2023-04-01 00:00:00","ruby","220"
"2023-04-01 00:00:00","swift","1091"
"2023-05-01 00:00:00","assembly","174"
"2023-05-01 00:00:00","c","1049"
"2023-05-01 00:00:00","c#","3833"
"2023-05-01 00:00:00","c++","1780"
"2023-05-01 00:00:00","delphi","114"
"2023-05-01 00:00:00","go","418"
"2023-05-01 00:00:00","java","4178"
"2023-05-01 00:00:00","javascript","7769"
"2023-05-01 00:00:00","perl","54"
"2023-05-01 00:00:00","php","1971"
"2023-05-01 00:00:00","python","11800"
"2023-05-01 00:00:00","r","2866"
"2023-05-01 00:00:00","ruby","255"
"2023-05-01 00:00:00","swift","996"
"2023-06-01 00:00:00","assembly","155"
"2023-06-01 00:00:00","c","890"
"2023-06-01 00:00:00","c#","3810"
"2023-06-01 00:00:00","c++","1815"
"2023-06-01 00:00:00","delphi","117"
"2023-06-01 00:00:00","go","520"
"2023-06-01 00:00:00","java","4294"
"2023-06-01 00:00:00","javascript","7530"
"2023-06-01 00:00:00","perl","54"
"2023-06-01 00:00:00","php","1906"
"2023-06-01 00:00:00","python","11275"
"2023-06-01 00:00:00","r","2665"
"2023-06-01 00:00:00","ruby","226"
"2023-06-01 00:00:00","swift","1132"
"2023-07-01 00:00:00","assembly","163"
"2023-07-01 00:00:00","c","918"
"2023-07-01 00:00:00","c#","3881"
"2023-07-01 00:00:00","c++","1856"
"2023-07-01 00:00:00","delphi","99"
"2023-07-01 00:00:00","go","524"
"2023-07-01 00:00:00","java","4076"
"2023-07-01 00:00:00","javascript","7549"
"2023-07-01 00:00:00","perl","69"
"2023-07-01 00:00:00","php","1745"
"2023-07-01 00:00:00","python","11170"
"2023-07-01 00:00:00","r","2364"
"2023-07-01 00:00:00","ruby","224"
"2023-07-01 00:00:00","swift","1158"
"2023-08-01 00:00:00","assembly","144"
"2023-08-01 00:00:00","c","872"
"2023-08-01 00:00:00","c#","3664"
"2023-08-01 00:00:00","c++","1676"
"2023-08-01 00:00:00","delphi","106"
"2023-08-01 00:00:00","go","496"
"2023-08-01 00:00:00","java","3851"
"2023-08-01 00:00:00","javascript","6828"
"2023-08-01 00:00:00","perl","48"
"2023-08-01 00:00:00","php","1787"
"2023-08-01 00:00:00","python","10322"
"2023-08-01 00:00:00","r","2362"
"2023-08-01 00:00:00","ruby","203"
"2023-08-01 00:00:00","swift","983"
"2023-09-01 00:00:00","assembly","164"
"2023-09-01 00:00:00","c","917"
"2023-09-01 00:00:00","c#","3257"
"2023-09-01 00:00:00","c++","1700"
"2023-09-01 00:00:00","delphi","109"
"2023-09-01 00:00:00","go","459"
"2023-09-01 00:00:00","java","3623"
"2023-09-01 00:00:00","javascript","6109"
"2023-09-01 00:00:00","perl","65"
"2023-09-01 00:00:00","php","1828"
"2023-09-01 00:00:00","python","9326"
"2023-09-01 00:00:00","r","2090"
"2023-09-01 00:00:00","ruby","197"
"2023-09-01 00:00:00","swift","929"